condominio;quartos;suites;vagas;area;bairro;atualizacao;preco;distancia;pm2
350;1;0.0;1.0;21;1;1;340000;99.0;16190.48
800;1;0.0;1.0;64;1;0;770000;99.0;12031.25
674;1;0.0;1.0;61;1;1;600000;99.0;9836.07
700;1;1.0;1.0;70;1;0;700000;99.0;10000.0
440;1;0.0;1.0;44;1;2;515000;99.0;11704.55
917;1;1.0;1.0;60;1;2;630000;99.0;10500.0
850;1;1.0;1.0;65;1;2;740000;99.0;11384.62
350;1;1.0;1.0;43;1;0;570000;99.0;13255.81
440;1;1.0;1.0;26;1;0;430000;99.0;16538.46
510;1;1.0;1.0;42;1;3;500000;99.0;11904.76
200;1;0.0;1.0;35;1;6;500000;99.0;14285.71
552;1;1.0;1.0;67;1;10;790000;99.0;11791.04
495;1;1.0;1.0;54;1;0;515000;99.0;9537.04
340;1;1.0;1.0;40;1;9;410000;99.0;10250.0
800;1;1.0;1.0;60;1;2;625000;99.0;10416.67
530;1;0.0;1.0;40;1;1;360000;99.0;9000.0
500;1;0.0;1.0;47;1;0;670000;99.0;14255.32
600;1;1.0;1.0;45;1;1;500000;99.0;11111.11
465;1;0.0;1.0;50;1;1;570000;99.0;11400.0
1400;1;1.0;1.0;50;1;1;570000;99.0;11400.0
700;1;1.0;1.0;58;1;1;630000;99.0;10862.07
250;1;0.0;1.0;40;1;2;400000;99.0;10000.0
1000;1;1.0;1.0;54;1;0;750000;99.0;13888.89
280;1;0.0;1.0;65;1;0;578000;99.0;8892.31
481;1;1.0;1.0;28;1;3;350000;99.0;12500.0
150;1;0.0;1.0;40;1;9;130000;99.0;3250.0
1071;1;1.0;1.0;44;1;11;597000;99.0;13568.18
750;2;1.0;1.0;70;1;6;995000;99.0;14214.29
992;2;1.0;1.0;105;1;1;1150000;99.0;10952.38
990;2;1.0;1.0;100;1;11;1200000;99.0;12000.0
960;2;1.0;1.0;80;1;2;980000;99.0;12250.0
1200;2;1.0;2.0;68;1;1;950000;99.0;13970.59
1100;2;2.0;2.0;80;1;0;1080000;99.0;13500.0
1170;2;1.0;1.0;80;1;0;815000;99.0;10187.5
1100;2;1.0;1.0;72;1;0;930000;99.0;12916.6
519;2;1.0;1.0;58;1;3;750000;99.0;12931.03
750;2;1.0;1.0;86;1;1;720000;99.0;8372.09
905;2;1.0;1.0;85;1;1;1100000;99.0;12941.18
600;2;1.0;1.0;70;1;1;720000;99.0;10285.71
760;2;1.0;1.0;76;1;0;890000;99.0;11710.53
700;2;1.0;1.0;75;1;1;770000;99.0;10266.67
860;2;2.0;1.0;76;1;2;1050000;99.0;13815.79
990;2;1.0;2.0;66;1;0;920000;99.0;13939.39
520;2;1.0;1.0;75;1;11;519000;99.0;6920.0
860;2;1.0;1.0;76;1;1;980000;99.0;12894.74
790;2;1.0;1.0;69;1;2;950000;99.0;13768.12
1000;2;1.0;1.0;88;1;10;995000;99.0;11306.82
750;2;1.0;1.0;90;1;28;1250000;99.0;13888.89
550;2;1.0;1.0;62;1;10;675000;99.0;10887.1
1100;2;1.0;2.0;84;1;6;940000;99.0;11190.48
745;2;1.0;1.0;82;1;0;879000;99.0;10719.51
1400;2;1.0;1.0;75;1;0;1300000;99.0;17333.33
970;2;1.0;1.0;75;1;0;980000;99.0;13066.67
1800;2;1.0;1.0;90;1;24;1130000;99.0;12555.56
968;2;1.0;1.0;80;1;1;799000;99.0;9987.5
900;2;1.0;1.0;90;1;3;980000;99.0;10888.89
830;2;1.0;1.0;93;1;0;1150000;99.0;12365.59
665;2;1.0;1.0;68;1;9;885000;99.0;13014.71
450;2;1.0;1.0;117;1;1;800000;99.0;6837.61
720;2;1.0;1.0;85;1;0;705000;99.0;8294.12
450;2;1.0;1.0;75;1;0;810000;99.0;10800.0
960;2;1.0;1.0;87;1;1;950000;99.0;10919.54
450;2;1.0;1.0;68;1;2;450000;99.0;6617.65
1942;3;1.0;2.0;129;1;0;1659000;99.0;12860.47
1200;3;1.0;1.0;120;1;0;1100000;99.0;9166.67
890;3;1.0;2.0;109;1;0;950000;99.0;8715.6
1400;3;1.0;1.0;94;1;2;950000;99.0;10106.38
1580;3;1.0;1.0;215;1;9;1890000;99.0;8790.7
1670;3;1.0;2.0;114;1;2;1900000;99.0;16666.67
1500;3;1.0;2.0;114;1;1;1600000;99.0;14035.09
1335;3;1.0;1.0;130;1;0;1300000;99.0;10000.0
700;3;1.0;1.0;89;1;0;850000;99.0;9550.56
1350;3;1.0;2.0;135;1;0;1625000;99.0;12037.04
1000;3;1.0;1.0;83;1;0;900000;99.0;10843.37
1700;3;1.0;1.0;113;1;0;1400000;99.0;12389.38
980;3;1.0;1.0;100;1;4;950000;99.0;9500.0
700;3;1.0;1.0;96;1;0;1200000;99.0;12500.0
1350;3;1.0;2.0;104;1;1;1750000;99.0;16826.92
1000;3;1.0;1.0;99;1;1;1340000;99.0;13535.35
1206;3;1.0;2.0;104;1;4;1650000;99.0;15865.38
1206;3;1.0;2.0;107;1;2;1750000;99.0;16355.14
750;3;1.0;1.0;115;1;8;1100000;99.0;9565.22
1400;3;1.0;2.0;103;1;0;1700000;99.0;16504.85
1000;3;1.0;1.0;83;1;0;900000;99.0;10843.37
500;3;1.0;1.0;103;1;2;990000;99.0;9611.65
1260;3;1.0;2.0;115;1;2;1650000;99.0;14347.83
1000;3;1.0;1.0;78;1;10;1128000;99.0;14461.54
3900;3;3.0;3.0;220;1;1;3880000;99.0;17636.36
750;3;1.0;1.0;86;1;0;720000;99.0;8372.09
1029;3;1.0;1.0;88;1;9;1150000;99.0;13068.18
1200;3;1.0;1.0;97;1;1;1800000;99.0;18556.7
1300;3;1.0;1.0;120;1;1;980000;99.0;8166.67
760;3;1.0;1.0;90;1;0;750000;99.0;8333.33
1400;3;1.0;2.0;100;1;1;1530000;99.0;15300.0
1380;3;1.0;1.0;94;1;0;880000;99.0;9361.7
200;3;1.0;1.0;109;1;0;798000;99.0;7321.1
700;3;1.0;2.0;97;1;1;1270000;99.0;13092.78
1400;3;1.0;1.0;140;1;19;2500000;99.0;17857.14
1600;3;3.0;2.0;126;1;0;1600000;99.0;12698.41
500;3;1.0;1.0;112;1;3;1270000;99.0;11339.29
1500;3;1.0;1.0;110;1;0;1550000;99.0;14090.91
1000;3;1.0;2.0;110;1;1;1450000;99.0;13181.82
1000;3;1.0;1.0;120;1;0;1100000;99.0;9166.67
1133;3;1.0;1.0;122;1;0;1820000;99.0;14918.03
840;3;1.0;2.0;105;1;3;1594389;99.0;15184.66
1400;3;2.0;1.0;90;1;8;1380000;99.0;15333.33
500;1;1.0;1.0;22;2;2;265000;0.39;12045.45
700;1;1.0;1.0;60;2;0;600000;1.08;10000.0
590;1;0.0;1.0;37;2;8;560000;0.12;15135.14
450;1;0.0;1.0;40;2;2;550000;0.27;13750.0
450;1;1.0;1.0;40;2;1;640000;99.0;16000.0
650;1;0.0;1.0;45;2;19;560000;99.0;12444.44
650;1;0.0;1.0;60;2;10;650000;99.0;10833.33
470;1;0.0;1.0;34;2;0;380000;99.0;11176.47
390;1;1.0;1.0;31;2;2;515000;0.47;16612.9
550;1;0.0;1.0;42;2;23;500000;99.0;11904.76
365;1;0.0;1.0;40;2;28;390000;0.24;9750.0
520;1;1.0;1.0;25;2;2;270000;0.4;10800.0
400;1;0.0;1.0;42;2;2;450000;0.55;10714.29
430;1;0.0;1.0;55;2;13;590000;99.0;10727.27
550;1;0.0;1.0;48;2;2;570000;0.25;11875.0
739;1;0.0;1.0;60;2;3;590000;0.44;9833.33
540;1;1.0;1.0;35;2;0;470000;0.55;13428.57
1500;1;1.0;1.0;35;2;0;895000;0.2;25571.43
400;1;1.0;1.0;45;2;3;550000;0.57;12222.22
550;1;1.0;1.0;48;2;18;630000;0.46;13125.0
512;1;0.0;1.0;28;2;28;399000;99.0;14250.0
472;1;1.0;1.0;55;2;2;570000;99.0;10363.64
660;1;1.0;1.0;50;2;12;629000;0.36;12580.0
650;1;0.0;1.0;48;2;1;520000;0.33;10833.33
450;1;1.0;1.0;48;2;24;480000;99.0;10000.0
705;1;1.0;1.0;65;2;0;590000;0.28;9076.92
560;1;1.0;1.0;39;2;0;450000;0.45;11538.46
350;1;1.0;1.0;40;2;0;390000;99.0;9750.0
490;1;0.0;1.0;48;2;0;430000;99.0;8958.33
520;1;0.0;1.0;56;2;6;635000;99.0;11339.29
380;1;1.0;1.0;32;2;5;420000;99.0;13125.0
600;1;1.0;1.0;60;2;10;480000;99.0;8000.0
400;1;1.0;1.0;45;2;9;630000;99.0;14000.0
700;2;1.0;1.0;78;2;0;730000;99.0;9358.97
700;2;1.0;1.0;80;2;10;898000;99.0;11225.0
1000;2;1.0;1.0;120;2;3;840000;0.41;7000.0
500;2;2.0;1.0;75;2;0;1680000;99.0;22400.0
800;2;1.0;1.0;78;2;3;790000;99.0;10128.21
1500;2;1.0;1.0;150;2;20;1300000;99.0;8666.67
821;2;1.0;1.0;75;2;0;1190000;0.36;15866.67
600;2;1.0;1.0;53;2;1;810000;0.3;15283.02
650;2;1.0;2.0;80;2;0;820000;0.68;10250.0
950;2;1.0;1.0;95;2;0;1280000;99.0;13473.68
1500;2;2.0;1.0;195;2;1;1300000;0.26;6666.67
700;2;1.0;1.0;80;2;3;710000;0.39;8875.0
650;2;1.0;1.0;82;2;25;950000;0.19;11585.37
945;2;2.0;1.0;71;2;3;950000;0.44;13380.28
650;2;1.0;2.0;80;2;0;900000;0.68;11250.0
525;2;2.0;1.0;79;2;2;760000;99.0;9620.25
740;2;1.0;1.0;75;2;2;776000;0.35;10346.67
693;2;1.0;1.0;65;2;0;580000;0.56;8923.08
600;2;1.0;1.0;68;2;16;679000;0.24;9985.29
550;2;1.0;1.0;47;2;7;550000;1.16;11702.13
850;2;1.0;1.0;79;2;2;1099000;0.45;13911.39
700;2;1.0;1.0;70;2;0;790000;0.7;11285.71
735;2;1.0;1.0;75;2;2;1150000;99.0;15333.33
1100;2;1.0;1.0;100;2;2;1582000;0.16;15820.0
1275;2;2.0;1.0;60;2;2;1200000;0.71;20000.0
1000;2;1.0;2.0;85;2;0;1600000;0.43;18823.53
2200;2;2.0;1.0;209;2;19;1500000;99.0;7177.03
760;2;1.0;1.0;90;2;0;840000;99.0;9333.33
900;2;1.0;1.0;75;2;4;700000;99.0;9333.33
1800;2;1.0;1.0;194;2;8;2000000;0.47;10309.28
1000;2;1.0;1.0;80;2;3;1000000;0.55;12500.0
605;2;1.0;1.0;65;2;0;735000;99.0;11307.69
820;2;1.0;1.0;83;2;3;990000;0.47;11927.71
2000;2;2.0;1.0;72;2;2;740000;0.51;10277.78
440;2;1.0;1.0;85;2;2;725000;99.0;8529.41
600;2;1.0;1.0;80;2;5;750000;99.0;9375.0
1600;3;1.0;1.0;220;2;2;2190000;0.52;9954.55
1300;3;1.0;1.0;168;2;2;1250000;0.29;7440.48
924;3;1.0;1.0;120;2;0;1030000;99.0;8583.33
1200;3;1.0;1.0;200;2;2;1650000;0.15;8250.0
680;3;1.0;1.0;125;2;1;1050000;0.19;8400.0
800;3;1.0;1.0;120;2;5;1100000;0.59;9166.67
2200;3;1.0;1.0;280;2;0;2800000;0.47;10000.0
930;3;1.0;1.0;110;2;6;1200000;0.17;10909.09
1980;3;2.0;1.0;210;2;1;1680000;0.49;8000.0
1290;3;1.0;1.0;155;2;2;2600000;0.07;16774.19
500;3;1.0;1.0;190;2;0;1240000;99.0;6526.32
1598;3;1.0;1.0;170;2;3;2350000;0.55;13823.53
1939;3;1.0;1.0;230;2;0;3990000;0.24;17347.83
1200;3;1.0;1.0;240;2;1;2200000;0.31;9166.67
2600;3;2.0;2.0;200;2;1;2390000;0.65;11950.0
1309;3;1.0;1.0;102;2;3;1000000;0.34;9803.92
1025;3;1.0;1.0;98;2;1;1099999;99.0;11224.48
1700;3;1.0;2.0;280;2;2;3400000;0.25;12142.86
3600;3;1.0;2.0;300;2;0;5280000;0.05;17600.0
1500;3;1.0;1.0;340;2;0;3850000;0.3;11323.53
860;3;1.0;1.0;100;2;0;1050000;0.59;10500.0
3200;3;1.0;1.0;280;2;0;2000000;99.0;7142.86
1600;3;1.0;1.0;280;2;25;4200000;0.14;15000.0
1290;3;1.0;1.0;150;2;2;1550000;0.5;10333.33
1300;3;2.0;1.0;100;2;0;1080000;0.52;10800.0
1018;3;1.0;1.0;108;2;1;980000;99.0;9074.07
1200;3;1.0;1.0;107;2;0;950000;0.63;8878.5
900;3;1.0;1.0;110;2;1;1100000;0.49;10000.0
800;3;1.0;1.0;92;2;0;900000;0.52;9782.61
404;3;1.0;1.0;114;2;1;1200000;99.0;10526.32
1084;3;1.0;1.0;100;2;0;1150000;0.68;11500.0
1640;3;1.0;1.0;195;2;3;1600000;0.05;8205.13
1500;3;1.0;1.0;152;2;3;1349000;0.38;8875.0
760;3;1.0;1.0;150;2;0;1600000;0.48;10666.67
980;3;0.0;1.0;85;2;0;980000;0.33;11529.41
1230;3;1.0;1.0;95;2;0;1290000;0.6;13578.95
800;3;1.0;1.0;75;2;0;950000;0.5;12666.67
2950;3;2.0;2.0;160;2;0;3000000;0.5;18750.0
800;3;1.0;1.0;110;2;3;650000;0.54;5909.09
2400;3;1.0;1.0;188;2;0;3900000;0.14;20744.68
798;3;1.0;1.0;110;2;0;950000;0.24;8636.36
805;3;1.0;2.0;83;2;0;750000;0.62;9036.14
1000;3;1.0;4.0;175;2;0;1890000;0.63;10800.0
1420;3;1.0;1.0;120;2;0;1900000;99.0;15833.33
2000;3;2.0;1.0;220;2;0;2500000;0.32;11363.64
400;1;0.0;0.0;40;3;2;750000;99.0;18750.0
350;1;0.0;1.0;37;3;0;590000;99.0;15945.95
775;1;1.0;1.0;50;3;1;1080000;99.0;21600.0
290;1;1.0;1.0;36;3;19;840000;99.0;23333.33
750;1;1.0;1.0;35;3;1;470000;99.0;13428.57
700;1;1.0;1.0;58;3;0;950000;99.0;16379.31
785;1;1.0;1.0;50;3;23;950000;99.0;19000.0
646;1;0.0;1.0;61;3;0;950000;99.0;15573.77
550;1;0.0;1.0;54;3;0;700000;99.0;12962.96
800;1;0.0;1.0;56;3;0;850000;99.0;15178.57
700;1;1.0;1.0;55;3;0;620000;99.0;11272.73
400;1;1.0;1.0;37;3;1;480000;99.0;12972.97
500;1;1.0;1.0;40;3;0;620000;99.0;15500.0
530;1;0.0;1.0;60;3;3;950000;99.0;15833.33
400;1;0.0;1.0;40;3;2;750000;99.0;18750.0
500;1;0.0;1.0;45;3;1;600000;99.0;13333.33
600;1;1.0;1.0;38;3;1;650000;99.0;17105.26
700;1;0.0;1.0;58;3;2;850000;99.0;14655.17
900;1;1.0;1.0;65;3;17;880000;99.0;13538.46
950;2;1.0;1.0;110;3;17;1700000;99.0;15454.55
1184;2;2.0;2.0;142;3;20;1950000;99.0;13732.39
1200;2;1.0;1.0;74;3;3;1830000;99.0;24729.73
800;2;1.0;1.0;58;3;0;1365000;99.0;23534.48
937;2;1.0;1.0;80;3;0;1400000;99.0;17500.0
815;2;1.0;1.0;95;3;0;1800000;99.0;18947.37
814;2;1.0;1.0;82;3;1;1260000;99.0;15365.85
260;2;1.0;1.0;60;3;1;750000;99.0;12500.0
980;2;1.0;1.0;95;3;1;1590000;99.0;16736.84
2500;2;2.0;2.0;160;3;2;2450000;99.0;15312.5
1500;2;1.0;1.0;85;3;1;1250000;99.0;14705.88
1250;2;1.0;1.0;90;3;6;1789000;99.0;19877.78
1250;2;2.0;1.0;110;3;3;1300000;99.0;11818.18
1200;2;1.0;1.0;75;3;7;1590000;99.0;21200.0
950;2;1.0;1.0;78;3;3;1250000;99.0;16025.64
987;2;1.0;1.0;78;3;2;1250000;99.0;16025.64
987;2;1.0;1.0;80;3;3;1388000;99.0;17350.0
900;2;1.0;1.0;60;3;1;1250000;99.0;20833.33
1200;2;1.0;1.0;120;3;7;2000000;99.0;16666.67
977;2;1.0;1.0;88;3;3;1585000;99.0;18011.36
500;2;1.0;1.0;75;3;0;980000;99.0;13066.67
880;2;1.0;1.0;80;3;1;1650000;99.0;20625.0
850;2;1.0;1.0;97;3;1;1000000;99.0;10309.28
750;2;1.0;1.0;70;3;0;1280000;99.0;18285.71
1140;2;1.0;1.0;85;3;2;1350000;99.0;15882.35
550;2;1.0;1.0;72;3;0;970000;99.0;13472.22
800;2;1.0;1.0;89;3;2;980000;99.0;11011.24
500;2;1.0;1.0;60;3;1;800000;99.0;13333.33
900;2;1.0;1.0;75;3;9;980000;99.0;13066.67
1000;3;1.0;2.0;110;3;0;2250000;99.0;20454.55
1500;3;1.0;2.0;115;3;0;2500000;99.0;21739.13
1300;3;1.0;1.0;103;3;1;1500000;99.0;14563.11
1600;3;1.0;1.0;130;3;9;1750000;99.0;13461.54
1400;3;1.0;1.0;92;3;0;1650000;99.0;17934.78
1450;3;1.0;2.0;139;3;1;2200000;99.0;15827.34
1456;3;1.0;2.0;110;3;2;3000000;99.0;27272.73
1600;3;1.0;1.0;125;3;0;1760000;99.0;14080.0
1600;3;1.0;1.0;125;3;0;1850000;99.0;14800.0
1250;3;1.0;1.0;102;3;0;1890000;99.0;18529.41
1600;3;1.0;1.0;120;3;1;1800000;99.0;15000.0
1450;3;1.0;2.0;140;3;0;2200000;99.0;15714.29
950;3;1.0;1.0;120;3;5;2100000;99.0;17500.0
1115;3;1.0;2.0;103;3;1;2205000;99.0;21407.77
1200;3;1.0;2.0;123;3;0;2625000;99.0;21341.46
1250;3;1.0;2.0;113;3;2;1990000;99.0;17610.62
680;3;1.0;2.0;110;3;0;2200000;99.0;20000.0
1400;3;1.0;1.0;100;3;23;1950000;99.0;19500.0
1350;3;1.0;1.0;94;3;7;1650000;99.0;17553.19
1769;3;1.0;1.0;117;3;28;2150000;99.0;18376.07
1000;3;0.0;1.0;85;3;4;1149000;99.0;13517.65
1480;3;1.0;1.0;109;3;0;2200000;99.0;20183.49
1250;3;1.0;2.0;113;3;2;1990000;99.0;17610.62
550;1;1.0;1.0;65;4;2;178000;99.0;2738.46
350;1;1.0;1.0;55;4;0;350000;99.0;6363.64
330;1;1.0;1.0;52;4;0;345000;99.0;6634.62
560;1;1.0;1.0;59;4;15;280000;99.0;4745.76
590;1;1.0;1.0;60;4;1;340000;99.0;5666.67
570;1;1.0;1.0;52;4;2;370000;99.0;7115.38
230;1;1.0;1.0;35;4;0;285000;99.0;8142.86
370;1;1.0;1.0;61;4;0;380000;99.0;6229.51
380;1;1.0;1.0;55;4;0;325000;99.0;5909.09
580;1;0.0;1.0;55;4;1;300000;99.0;5454.55
620;1;1.0;1.0;60;4;2;320000;99.0;5333.33
345;1;1.0;1.0;49;4;0;294000;99.0;6000.0
400;1;1.0;1.0;35;4;3;219000;99.0;6257.14
485;1;1.0;1.0;50;4;0;400000;99.0;8000.0
470;1;1.0;1.0;53;4;0;300000;99.0;5660.38
600;1;1.0;1.0;52;4;0;370000;99.0;7115.38
500;1;1.0;1.0;53;4;0;454500;99.0;8575.47
550;1;1.0;1.0;60;4;0;430000;99.0;7166.67
468;1;1.0;1.0;50;4;0;435000;99.0;8700.0
450;2;1.0;1.0;71;4;2;370000;99.0;5211.27
1140;2;1.0;1.0;77;4;0;470000;99.0;6103.9
389;2;1.0;1.0;45;4;0;350000;99.0;7777.78
661;2;1.0;1.0;75;4;0;450000;99.0;6000.0
250;2;1.0;1.0;102;4;0;480000;99.0;4705.88
600;2;1.0;1.0;75;4;16;370000;99.0;4933.33
650;2;1.0;1.0;78;4;2;590000;99.0;7564.1
500;2;1.0;1.0;75;4;2;465000;99.0;6200.0
600;2;1.0;1.0;70;4;0;395000;99.0;5642.86
710;2;1.0;1.0;76;4;0;600000;99.0;7894.74
669;2;1.0;1.0;70;4;0;550000;99.0;7857.14
680;2;1.0;1.0;77;4;5;580000;99.0;7532.47
680;2;1.0;1.0;65;4;25;390000;99.0;6000.0
730;2;1.0;1.0;61;4;0;350000;99.0;5737.7
640;2;1.0;1.0;70;4;0;435000;99.0;6214.29
300;2;1.0;1.0;100;4;0;354000;99.0;3540.0
300;2;1.0;1.0;50;4;0;399000;99.0;7980.0
600;2;1.0;1.0;75;4;1;400000;99.0;5333.33
880;2;1.0;1.0;85;4;6;770000;99.0;9058.82
690;2;1.0;1.0;80;4;0;499000;99.0;6237.5
650;2;1.0;1.0;63;4;2;590000;99.0;9365.08
750;2;1.0;1.0;98;4;1;460000;99.0;4693.88
550;2;1.0;1.0;73;4;0;380000;99.0;5205.48
560;2;1.0;1.0;66;4;0;380000;99.0;5757.58
200;2;1.0;1.0;108;4;0;380000;99.0;3518.52
520;2;1.0;1.0;65;4;13;415000;99.0;6384.62
500;2;1.0;1.0;60;4;29;475700;99.0;7928.33
250;2;1.0;0.0;66;4;23;250000;99.0;3787.88
800;2;1.0;1.0;67;4;1;450000;99.0;6716.42
1206;2;1.0;1.0;77;4;0;450000;99.0;5844.16
250;2;1.0;1.0;60;4;0;305000;99.0;5083.33
500;2;2.0;1.0;70;4;2;599000;99.0;8557.14
400;2;1.0;1.0;54;4;0;450000;99.0;8333.33
514;2;1.0;1.0;65;4;7;430000;99.0;6615.38
733;2;1.0;1.0;78;4;2;580000;99.0;7435.9
428;2;1.0;1.0;86;4;0;248000;99.0;2883.72
740;3;1.0;1.0;80;4;0;440000;99.0;5500.0
390;3;1.0;1.0;77;4;0;360000;99.0;4675.32
1270;3;1.0;2.0;140;4;0;900000;99.0;6428.57
930;3;1.0;2.0;150;4;0;894000;99.0;5960.0
790;3;1.0;1.0;89;4;16;760000;99.0;8539.33
300;3;1.0;1.0;84;4;16;395000;99.0;4702.38
400;3;1.0;1.0;88;4;16;420000;99.0;4772.73
150;3;1.0;1.0;101;4;1;600000;99.0;5940.59
866;3;1.0;2.0;93;4;15;750000;99.0;8064.52
1150;3;1.0;1.0;115;4;5;770000;99.0;6695.65
500;3;1.0;2.0;170;4;0;690000;99.0;4058.82
890;3;1.0;2.0;130;4;0;560000;99.0;4307.69
830;3;1.0;2.0;70;4;0;540000;99.0;7714.29
200;3;1.0;1.0;80;4;4;450000;99.0;5625.0
792;3;1.0;1.0;94;4;0;630000;99.0;6702.13
550;3;1.0;1.0;86;4;0;695000;99.0;8081.4
890;3;1.0;2.0;125;4;2;680000;99.0;5440.0
550;3;1.0;1.0;85;4;17;348000;99.0;4094.12
700;3;1.0;1.0;90;4;12;669000;99.0;7433.33
1113;3;1.0;2.0;120;4;0;749000;99.0;6241.67
890;3;1.0;2.0;130;4;0;700000;99.0;5384.62
780;3;1.0;1.0;89;4;1;530000;99.0;5955.06
400;3;1.0;1.0;114;4;3;650000;99.0;5701.75
560;3;0.0;0.0;93;4;0;370000;99.0;3978.49
200;3;1.0;1.0;110;4;6;580000;99.0;5272.73
620;3;1.0;1.0;130;4;3;650000;99.0;5000.0
400;1;1.0;1.0;25;5;3;520000;0.48;20800.0
556;1;1.0;1.0;35;5;1;880000;0.14;25142.86
500;1;1.0;1.0;35;5;0;905000;0.14;25857.14
1200;1;1.0;1.0;81;5;1;1999000;0.5;24679.01
520;1;1.0;1.0;40;5;0;840000;0.29;21000.0
1400;1;1.0;1.0;56;5;1;1080000;0.36;19285.71
460;1;1.0;1.0;39;5;1;1800000;99.0;46153.85
620;1;1.0;2.0;75;5;2;1600000;0.29;21333.33
600;1;0.0;0.0;30;5;3;499000;0.31;16633.33
500;1;1.0;1.0;52;5;22;620000;0.48;11923.08
700;1;1.0;1.0;50;5;3;700000;99.0;14000.0
1518;1;1.0;1.0;65;5;3;1300000;99.0;20000.0
600;1;1.0;1.0;55;5;2;1300000;0.31;23636.36
800;1;1.0;1.0;55;5;0;1000000;0.24;18181.82
650;1;1.0;1.0;60;5;0;950000;0.53;15833.33
400;1;1.0;1.0;32;5;2;950000;99.0;29687.5
400;1;1.0;1.0;30;5;2;870000;99.0;29000.0
650;1;1.0;1.0;50;5;2;779000;0.3;15580.0
700;1;1.0;1.0;25;5;1;735000;0.38;29400.0
500;1;1.0;1.0;30;5;1;699990;0.47;23333.0
550;1;1.0;1.0;36;5;25;649000;0.67;18027.78
1800;1;1.0;1.0;50;5;12;1350000;0.16;27000.0
714;1;1.0;1.0;40;5;0;700000;0.37;17500.0
800;2;1.0;1.0;100;5;2;1450000;99.0;14500.0
1642;2;1.0;1.0;93;5;2;1700000;11.71;18279.57
3570;2;2.0;1.0;90;5;1;2729000;11.76;30322.22
790;2;1.0;1.0;75;5;2;1350000;10.97;18000.0
800;2;1.0;1.0;115;5;2;1650000;11.71;14347.83
1090;2;1.0;1.0;60;5;2;1050000;8.69;17500.0
850;2;1.0;1.0;80;5;0;1300000;9.95;16250.0
606;2;1.0;1.0;66;5;0;1200000;8.69;18181.82
472;2;1.0;1.0;70;5;0;820000;0.46;11714.29
1885;2;1.0;2.0;147;5;5;3950000;1334.47;26870.75
900;2;1.0;1.0;80;5;18;1560000;0.5;19500.0
452;2;1.0;1.0;90;5;2;1380000;11.71;15333.33
800;2;1.0;2.0;82;5;0;1100000;35.46;13414.63
4059;2;2.0;1.0;86;5;2;4200000;0.58;48837.21
735;2;1.0;1.0;70;5;4;890000;11.71;12714.29
700;2;1.0;1.0;70;5;16;900000;0.17;12857.14
800;2;1.0;1.0;75;5;0;1150000;0.39;15333.33
4190;2;1.0;1.0;110;5;3;5300000;0.31;48181.82
814;2;1.0;1.0;82;5;0;1500000;0.61;18292.68
1300;2;1.0;1.0;130;5;2;1390000;0.35;10692.31
700;2;1.0;1.0;78;5;3;1100000;0.1;14102.56
430;2;1.0;1.0;76;5;2;840000;733.68;11052.63
850;2;1.0;2.0;83;5;2;1900000;0.53;22891.57
900;2;1.0;1.0;70;5;1;1350000;0.59;19285.71
1007;2;1.0;1.0;68;5;1;1280000;9.04;18823.53
1200;2;1.0;1.0;60;5;1;1300000;0.39;21666.67
1500;2;1.0;1.0;61;5;0;950000;11.43;15573.77
555;2;1.0;1.0;76;5;0;1250000;0.7;16447.37
978;2;1.0;1.0;60;5;9;1180000;9.84;19666.67
1050;3;1.0;1.0;134;5;2;950000;1.28;7089.55
3300;3;1.0;3.0;325;5;24;9000000;0.6;27692.31
990;3;1.0;1.0;110;5;0;1580000;99.0;14363.64
1450;3;3.0;1.0;120;5;0;1700000;0.25;14166.67
1530;3;1.0;1.0;200;5;2;2300000;9.23;11500.0
2500;3;3.0;1.0;280;5;0;7400000;0.09;26428.57
2350;3;2.0;1.0;205;5;1;3699000;0.49;18043.9
1310;3;3.0;1.0;172;5;6;5900000;733.68;34302.33
1500;3;1.0;1.0;124;5;0;2500000;0.6;20161.29
2480;3;1.0;2.0;160;5;1;3350000;0.44;20937.5
1215;3;1.0;1.0;105;5;0;1050000;0.42;10000.0
1700;3;1.0;1.0;130;5;1;2400000;733.68;18461.54
4600;3;1.0;2.0;350;5;0;13600000;1334.47;38857.14
1300;3;1.0;1.0;100;5;3;1850000;0.53;18500.0
2100;3;1.0;2.0;165;5;12;3450000;0.58;20909.09
1600;3;1.0;1.0;110;5;0;1850000;0.54;16818.18
994;3;3.0;1.0;138;5;2;1500000;0.12;10869.57
1400;3;1.0;2.0;140;5;0;1730000;0.45;12357.14
2988;3;2.0;3.0;180;5;0;3600000;1.11;20000.0
1600;3;1.0;1.0;201;5;1;2275000;8.69;11318.41
2800;3;2.0;1.0;186;5;0;5200000;0.58;27956.99
1204;3;1.0;1.0;123;5;3;1580000;0.31;12845.53
2000;3;1.0;1.0;130;5;1;2900000;0.7;22307.69
1517;3;3.0;1.0;110;5;2;1890000;0.48;17181.82
550;3;1.0;1.0;33;5;2;870000;0.67;26363.64
1700;3;1.0;1.0;110;5;2;2380000;0.55;21636.36
1450;3;1.0;1.0;110;5;0;1900000;0.08;17272.73
1000;3;3.0;2.0;120;5;0;1600000;0.42;13333.33
5461;3;3.0;4.0;475;5;3;8900000;99.0;18736.84
3090;3;1.0;2.0;180;5;2;2790000;0.26;15500.0
1925;3;1.0;2.0;140;5;17;2800000;99.0;20000.0
1900;3;1.0;1.0;130;5;6;2300000;0.33;17692.31
500;3;1.0;1.0;109;5;0;2100000;99.0;19266.06
900;3;1.0;1.0;130;5;0;1680000;0.28;12923.08
1600;3;1.0;1.0;150;5;1;2800000;0.41;18666.67
2600;3;2.0;1.0;140;5;0;3200000;0.48;22857.14
1300;3;1.0;1.0;120;5;20;2500000;0.51;20833.33
1350;3;2.0;1.0;118;5;19;1780000;0.51;15084.75
2600;3;1.0;2.0;150;5;2;3700000;0.56;24666.67
1500;3;1.0;1.0;144;5;2;2380000;0.58;16527.78
2013;3;3.0;1.0;130;5;0;2350000;0.71;18076.92
1100;3;1.0;1.0;109;5;0;1345000;733.68;12339.45
600;1;1.0;0.0;90;6;11;1350000;0.75;15000.0
650;1;1.0;1.0;45;6;1;1299000;0.45;28866.67
1000;1;1.0;1.0;60;6;2;895000;0.47;14916.67
1600;1;1.0;1.0;44;6;2;1250000;0.21;28409.09
550;1;1.0;1.0;41;6;1;935000;0.36;22804.88
600;1;1.0;1.0;22;6;1;230000;0.61;10454.55
618;1;1.0;1.0;45;6;1;850000;0.97;18888.89
850;1;1.0;1.0;43;6;0;1300000;0.45;30232.56
1860;1;1.0;1.0;50;6;10;1100000;99.0;22000.0
525;1;0.0;0.0;38;6;3;545000;0.98;14342.11
1850;1;1.0;1.0;35;6;0;1350000;0.3;38571.43
2000;1;1.0;1.0;55;6;6;1500000;99.0;27272.73
552;1;1.0;0.0;27;6;1;550000;99.0;20370.37
750;1;1.0;1.0;75;6;1;1340000;99.0;17866.67
400;1;1.0;1.0;55;6;1;610000;0.96;11090.91
545;1;1.0;1.0;35;6;0;840000;0.84;24000.0
950;1;0.0;0.0;75;6;1;1550000;99.0;20666.67
850;1;1.0;1.0;60;6;3;2100000;0.36;35000.0
511;1;1.0;1.0;43;6;0;990000;0.36;23023.26
1600;1;1.0;1.0;50;6;1;1199000;0.21;23980.0
400;2;1.0;2.0;69;6;0;290000;99.0;4202.9
533;2;1.0;1.0;60;6;0;1100000;0.34;18333.33
778;2;1.0;1.0;80;6;2;1500000;0.77;18750.0
1300;2;1.0;1.0;82;6;2;1790000;0.9;21829.27
1600;2;1.0;1.0;105;6;2;1900000;1.07;18095.24
680;2;1.0;1.0;58;6;2;850000;0.81;14655.17
900;2;1.0;1.0;53;6;4;1180000;0.55;22264.15
1100;2;1.0;1.0;90;6;0;1890000;0.71;21000.0
894;2;1.0;1.0;70;6;3;1130000;0.37;16142.86
1300;2;1.0;1.0;110;6;0;4000000;0.18;36363.64
900;2;1.0;1.0;71;6;0;1490000;0.5;20985.92
600;2;1.0;1.0;67;6;0;798000;0.59;11910.45
2000;2;1.0;2.0;100;6;3;2800000;99.0;28000.0
845;2;1.0;1.0;90;6;2;1750000;0.43;19444.44
1800;2;1.0;1.0;91;6;0;2500000;0.6;27472.53
1300;2;1.0;2.0;115;6;2;2800000;0.89;24347.83
860;2;1.0;1.0;68;6;4;1600000;0.55;23529.41
2055;2;1.0;1.0;70;6;1;2100000;99.0;30000.0
1100;2;1.0;1.0;100;6;0;1580000;99.0;15800.0
750;2;1.0;1.0;77;6;2;1400000;0.42;18181.82
1286;2;1.0;2.0;77;6;20;1630000;0.32;21168.83
500;2;1.0;1.0;85;6;0;3500000;0.56;41176.47
1200;2;1.0;1.0;76;6;0;1290000;0.73;16973.68
1300;2;1.0;1.0;104;6;2;2500000;0.57;24038.46
780;2;1.0;1.0;70;6;1;1550000;0.77;22142.86
1124;2;1.0;1.0;82;6;1;1750000;99.0;21341.46
1070;2;1.0;1.0;72;6;1;920000;0.45;12777.78
900;2;1.0;1.0;134;6;3;2200000;0.56;16417.91
650;2;1.0;1.0;70;6;1;700000;99.0;10000.0
1050;2;1.0;1.0;78;6;0;1190000;0.28;15256.41
1300;2;1.0;1.0;66;6;6;1365000;0.51;20681.82
1900;2;1.0;2.0;95;6;5;1600000;0.95;16842.11
1100;2;1.0;1.0;68;6;2;950000;0.35;13970.59
800;2;1.0;1.0;81;6;2;1650000;99.0;20370.37
640;2;1.0;1.0;68;6;3;620000;99.0;9117.65
600;2;1.0;1.0;58;6;0;1100000;0.27;18965.52
600;2;1.0;1.0;100;6;0;1650000;99.0;16500.0
1000;3;1.0;1.0;110;6;1;1699000;1.0;15445.45
980;3;1.0;2.0;90;6;1;1290000;0.87;14333.33
500;3;1.0;2.0;135;6;1;1290000;0.61;9555.56
1700;3;1.0;1.0;123;6;0;2100000;0.67;17073.17
850;3;1.0;1.0;96;6;6;1800000;0.32;18750.0
1200;3;1.0;1.0;120;6;11;1700000;99.0;14166.67
1200;3;1.0;2.0;115;6;1;1550000;99.0;13478.26
2200;3;1.0;1.0;154;6;6;2800000;0.37;18181.82
1300;3;1.0;2.0;120;6;5;2300000;99.0;19166.67
1700;3;1.0;1.0;190;6;0;3500000;0.3;18421.05
2520;3;1.0;1.0;130;6;0;2400000;0.43;18461.54
1400;3;1.0;1.0;120;6;9;2100000;0.61;17500.0
2000;3;1.0;1.0;108;6;0;3300000;0.31;30555.56
1450;3;1.0;2.0;130;6;0;2900000;0.52;22307.69
1100;3;1.0;1.0;85;6;7;1199000;0.87;14105.88
1500;3;1.0;1.0;85;6;0;1680000;0.88;19764.71
1398;3;1.0;1.0;86;6;0;1550000;0.79;18023.26
1500;3;1.0;1.0;90;6;1;1790000;99.0;19888.89
1830;3;1.0;2.0;120;6;2;2950000;0.57;24583.33
2250;3;1.0;2.0;128;6;0;2980000;0.14;23281.25
1180;3;1.0;1.0;93;6;2;1700000;0.55;18279.57
5400;3;2.0;3.0;240;6;2;7000000;0.21;29166.67
1400;3;2.0;1.0;110;6;2;2100000;0.48;19090.91
1350;3;1.0;1.0;96;6;12;2420000;99.0;25208.33
930;3;1.0;1.0;90;6;26;2200000;0.65;24444.44
1300;3;1.0;1.0;90;6;2;2350000;0.6;26111.11
1000;3;1.0;1.0;94;6;3;2190000;0.61;23297.87
1060;3;1.0;1.0;85;6;4;1950000;99.0;22941.18
1550;3;1.0;1.0;110;6;1;1790000;0.77;16272.73
1124;3;1.0;1.0;145;6;2;2490000;0.27;17172.41
2600;3;1.0;2.0;135;6;1;6500000;0.12;48148.15
1200;3;1.0;1.0;88;6;2;1550000;0.69;17613.64
1700;3;1.0;1.0;134;6;22;2200000;0.56;16417.91
2000;3;1.0;1.0;150;6;2;4200000;0.27;28000.0
1850;3;2.0;1.0;130;6;0;2750000;0.19;21153.85
1700;3;1.0;1.0;110;6;2;1850000;99.0;16818.18
900;3;1.0;1.0;130;6;10;2107000;99.0;16207.69
1110;3;1.0;1.0;85;6;2;1620000;0.87;19058.82
2216;3;2.0;2.0;160;6;2;6300000;0.08;39375.0
1500;3;1.0;2.0;120;6;2;2900000;99.0;24166.67
1127;3;1.0;1.0;100;6;2;1950000;0.15;19500.0
2100;3;1.0;2.0;150;6;6;2650000;0.78;17666.67
1200;3;1.0;1.0;100;6;11;2090000;99.0;20900.0
400;1;0.0;1.0;50;7;0;300000;99.0;6000.0
424;1;0.0;1.0;53;7;0;470000;99.0;8867.92
350;1;0.0;1.0;50;7;0;400000;99.0;8000.0
390;1;0.0;1.0;50;7;10;339000;99.0;6780.0
264;1;0.0;1.0;35;7;0;380000;99.0;10857.14
230;1;0.0;1.0;48;7;1;285000;99.0;5937.5
500;1;1.0;1.0;56;7;1;370000;99.0;6607.14
310;1;0.0;1.0;36;7;5;280000;99.0;7777.78
590;1;0.0;1.0;60;7;0;450000;99.0;7500.0
450;1;0.0;1.0;70;7;15;530000;99.0;7571.43
700;1;0.0;1.0;62;7;0;440000;99.0;7096.77
500;1;0.0;1.0;48;7;0;370000;99.0;7708.33
150;1;0.0;1.0;45;7;6;360000;99.0;8000.0
655;1;0.0;1.0;50;7;0;400000;99.0;8000.0
772;1;0.0;1.0;65;7;0;520000;99.0;8000.0
350;1;0.0;1.0;30;7;1;205000;99.0;6833.33
200;1;0.0;1.0;58;7;0;280000;99.0;4827.59
600;1;0.0;1.0;50;7;3;360000;99.0;7200.0
450;1;0.0;1.0;40;7;0;339000;99.0;8475.0
642;1;0.0;1.0;60;7;1;465000;99.0;7750.0
790;1;1.0;1.0;70;7;0;460000;99.0;6571.43
500;1;1.0;1.0;54;7;2;365000;99.0;6759.26
500;1;0.0;1.0;38;7;0;249999;99.0;6578.92
300;1;1.0;1.0;41;7;0;320000;99.0;7804.88
470;1;0.0;1.0;35;7;1;355000;99.0;10142.86
420;1;0.0;1.0;40;7;0;300000;99.0;7500.0
250;2;1.0;1.0;65;7;1;325000;99.0;5000.0
760;2;1.0;1.0;80;7;1;445000;99.0;5562.5
645;2;1.0;1.0;74;7;1;540000;99.0;7297.3
600;2;1.0;1.0;76;7;0;499000;99.0;6565.79
580;2;1.0;1.0;66;7;24;425000;99.0;6439.39
700;2;1.0;1.0;67;7;2;450000;99.0;6716.42
750;2;1.0;1.0;63;7;0;670000;99.0;10634.92
970;2;1.0;1.0;67;7;2;405000;99.0;6044.78
400;2;1.0;1.0;67;7;20;440000;99.0;6567.16
750;2;1.0;1.0;62;7;6;409000;99.0;6596.77
800;2;1.0;1.0;83;7;3;690000;99.0;8313.25
654;2;1.0;1.0;73;7;1;750000;99.0;10273.97
520;2;1.0;1.0;90;7;0;500000;99.0;5555.56
620;2;2.0;1.0;74;7;16;446000;99.0;6027.03
423;2;1.0;1.0;73;7;0;365000;99.0;5000.0
460;2;1.0;1.0;70;7;0;295000;99.0;4214.29
540;2;1.0;1.0;78;7;1;490000;99.0;6282.05
750;2;1.0;1.0;64;7;1;670000;99.0;10468.75
900;2;1.0;1.0;83;7;1;660000;99.0;7951.81
850;2;1.0;1.0;80;7;1;430000;99.0;5375.0
744;2;1.0;1.0;84;7;0;600000;99.0;7142.86
650;2;1.0;1.0;80;7;5;785000;99.0;9812.5
850;2;1.0;1.0;85;7;17;680000;99.0;8000.0
600;2;0.0;1.0;77;7;2;420000;99.0;5454.55
736;2;1.0;1.0;92;7;0;650000;99.0;7065.22
645;2;1.0;1.0;84;7;1;885000;99.0;10535.71
885;2;1.0;1.0;78;7;0;580000;99.0;7435.9
771;2;1.0;1.0;84;7;12;810000;99.0;9642.86
840;2;1.0;1.0;76;7;1;780000;99.0;10263.16
480;2;1.0;1.0;80;7;1;630000;99.0;7875.0
580;2;1.0;1.0;63;7;0;460000;99.0;7301.59
720;2;1.0;1.0;75;7;1;440000;99.0;5866.67
500;2;1.0;1.0;72;7;25;445000;99.0;6180.56
635;2;1.0;1.0;65;7;0;420000;99.0;6461.54
330;2;1.0;1.0;50;7;0;360000;99.0;7200.0
150;2;1.0;1.0;65;7;1;540000;99.0;8307.69
380;2;1.0;1.0;70;7;0;450000;99.0;6428.57
835;2;1.0;1.0;76;7;1;670000;99.0;8815.79
650;2;1.0;1.0;60;7;0;750000;99.0;12500.0
1080;2;1.0;1.0;100;7;1;680000;99.0;6800.0
825;2;1.0;1.0;90;7;4;750000;99.0;8333.33
1100;2;1.0;2.0;106;7;2;1320000;99.0;12452.83
481;2;1.0;1.0;70;7;2;470000;99.0;6714.29
810;2;1.0;1.0;95;7;6;490000;99.0;5157.89
600;3;1.0;1.0;80;7;1;650000;99.0;8125.0
1850;3;1.0;2.0;214;7;0;1080000;99.0;5046.73
890;3;1.0;2.0;139;7;0;1100000;99.0;7913.67
1315;3;1.0;1.0;135;7;2;680000;99.0;5037.04
980;3;1.0;2.0;110;7;0;1030000;99.0;9363.64
630;3;1.0;2.0;92;7;1;590000;99.0;6413.04
420;3;1.0;1.0;120;7;5;660000;99.0;5500.0
810;3;1.0;1.0;130;7;0;699000;99.0;5376.92
913;3;1.0;1.0;86;7;1;680000;99.0;7906.98
900;3;1.0;2.0;86;7;8;960000;99.0;11162.79
1500;3;1.0;2.0;170;7;2;945000;99.0;5558.82
950;3;1.0;1.0;126;7;0;599900;99.0;4761.11
190;3;1.0;1.0;80;7;1;510000;99.0;6375.0
780;3;1.0;2.0;120;7;18;780000;99.0;6500.0
1200;3;1.0;2.0;100;7;2;1000000;99.0;10000.0
580;3;1.0;1.0;96;7;2;590000;99.0;6145.83
750;3;1.0;1.0;86;7;0;600000;99.0;6976.74
900;3;1.0;1.0;100;7;1;750000;99.0;7500.0
730;3;1.0;1.0;90;7;2;550000;99.0;6111.11
600;3;1.0;1.0;90;7;3;650000;99.0;7222.22
1000;3;1.0;2.0;125;7;23;825000;99.0;6600.0
1050;3;1.0;2.0;95;7;0;899000;99.0;9463.16
1100;3;1.0;2.0;110;7;2;850000;99.0;7727.27
860;3;1.0;1.0;110;7;4;770000;99.0;7000.0
950;3;1.0;2.0;96;7;1;600000;99.0;6250.0
1528;3;1.0;2.0;118;7;1;930000;99.0;7881.36
1100;3;1.0;1.0;110;7;1;750000;99.0;6818.18
700;3;1.0;2.0;73;7;9;680000;99.0;9315.07
940;3;1.0;2.0;140;7;20;990000;99.0;7071.43
1000;3;1.0;1.0;90;7;2;700000;99.0;7777.78
880;3;1.0;2.0;120;7;0;750000;99.0;6250.0
760;3;1.0;1.0;86;7;0;550000;99.0;6395.35
1000;3;1.0;1.0;100;7;12;580000;99.0;5800.0
1000;3;1.0;1.0;95;7;0;670000;99.0;7052.63
450;3;0.0;1.0;72;7;0;435000;99.0;6041.67
1500;3;1.0;2.0;125;7;2;1280000;99.0;10240.0
1000;3;1.0;2.0;103;7;2;800000;99.0;7766.99
500;3;1.0;1.0;120;7;0;819900;99.0;6832.5
785;3;1.0;2.0;71;7;2;800000;99.0;11267.61
500;3;1.0;2.0;124;7;0;1100000;99.0;8870.97
348;1;1.0;1.0;40;1;0;500000;99.0;12500.0
311;1;1.0;1.0;42;1;0;530000;99.0;12619.05
700;1;1.0;1.0;70;1;0;700000;99.0;10000.0
440;1;1.0;1.0;44;1;60;515000;99.0;11704.55
480;1;1.0;1.0;52;1;0;669000;99.0;12865.38
560;1;1.0;1.0;70;1;60;690000;99.0;9857.14
1550;1;1.0;1.0;44;1;0;760000;99.0;17272.73
400;1;1.0;1.0;50;1;30;650000;99.0;13000.0
1040;1;1.0;1.0;70;1;570;450000;99.0;6428.57
500;1;1.0;1.0;38;1;0;520000;99.0;13684.21
552;1;0.0;0.0;67;1;390;790000;99.0;11791.04
740;1;1.0;1.0;60;1;30;770000;99.0;12833.33
400;1;1.0;1.0;35;1;30;370000;99.0;10571.43
500;1;1.0;1.0;47;1;0;670000;99.0;14255.32
600;1;1.0;1.0;45;1;0;500000;99.0;11111.11
1500;1;1.0;1.0;60;1;0;695000;99.0;11583.33
370;1;1.0;1.0;45;1;0;620000;99.0;13777.78
500;1;1.0;1.0;55;1;0;500000;99.0;9090.91
465;1;1.0;1.0;50;1;0;570000;99.0;11400.0
250;1;1.0;1.0;40;1;0;400000;99.0;10000.0
1000;1;1.0;1.0;54;1;0;750000;99.0;13888.89
340;1;1.0;1.0;40;1;540;550000;99.0;13750.0
280;1;0.0;0.0;65;1;0;578000;99.0;8892.31
394;1;1.0;1.0;40;1;0;550000;99.0;13750.0
580;1;1.0;1.0;43;1;0;500000;99.0;11627.91
1071;1;1.0;1.0;44;1;0;568000;99.0;12909.09
825;2;1.0;1.0;79;1;30;690000;99.0;8734.18
500;2;2.0;1.0;78;1;0;990000;99.0;12692.31
900;2;2.0;1.0;77;1;120;1150000;99.0;14935.06
882;2;1.0;1.0;87;1;0;1250000;99.0;14367.82
970;2;1.0;1.0;86;1;30;1090000;99.0;12674.42
1500;2;1.0;1.0;68;1;30;950000;99.0;13970.59
1200;2;1.0;2.0;68;1;0;950000;99.0;13970.59
580;2;1.0;2.0;65;1;420;750000;99.0;11538.46
1100;2;1.0;1.0;79;1;30;799000;99.0;10113.92
1600;2;1.0;1.0;90;1;90;1100000;99.0;12222.22
600;2;1.0;1.0;70;1;0;720000;99.0;10285.71
760;2;1.0;1.0;76;1;0;890000;99.0;11710.53
950;2;1.0;1.0;75;1;90;1150000;99.0;15333.33
936;2;1.0;1.0;70;1;0;1080000;99.0;15428.57
520;2;1.0;1.0;75;1;60;519000;99.0;6920.0
860;2;1.0;1.0;76;1;0;980000;99.0;12894.74
790;2;1.0;1.0;71;1;0;950000;99.0;13380.28
1600;2;1.0;1.0;90;1;330;1100000;99.0;12222.22
1000;2;1.0;1.0;88;1;30;995000;99.0;11306.82
480;2;1.0;1.0;70;1;30;650000;99.0;9285.71
990;2;1.0;1.0;82;1;150;650000;99.0;7926.83
920;2;1.0;1.0;70;1;0;1080000;99.0;15428.57
630;2;1.0;1.0;70;1;0;600000;99.0;8571.43
1000;2;1.0;1.0;68;1;150;972000;99.0;14294.12
1018;2;1.0;2.0;80;1;120;1200000;99.0;15000.0
745;2;1.0;1.0;82;1;0;879000;99.0;10719.51
1400;2;1.0;1.0;75;1;0;1300000;99.0;17333.33
970;2;1.0;1.0;75;1;0;980000;99.0;13066.67
800;2;1.0;1.0;71;1;0;1250000;99.0;17605.63
540;2;1.0;1.0;60;1;0;550000;99.0;9166.67
900;2;1.0;1.0;90;1;0;980000;99.0;10888.89
1142;2;1.0;1.0;110;1;270;1350000;99.0;12272.73
450;2;1.0;1.0;117;1;0;800000;99.0;6837.61
616;2;1.0;1.0;65;1;90;800000;99.0;12307.69
840;2;1.0;1.0;74;1;30;930000;99.0;12567.57
800;2;1.0;1.0;82;1;0;1250000;99.0;15243.9
450;2;1.0;1.0;68;1;0;450000;99.0;6617.65
1684;3;3.0;1.0;212;1;150;1990000;99.0;9386.79
1500;3;1.0;2.0;156;1;0;2050000;99.0;13141.03
380;3;1.0;1.0;72;1;0;800000;99.0;11111.11
1130;3;1.0;2.0;125;1;30;950000;99.0;7600.0
680;3;1.0;2.0;108;1;120;1660000;99.0;15370.37
1350;3;1.0;1.0;102;1;60;1750000;99.0;17156.86
1350;3;1.0;2.0;135;1;0;1625000;99.0;12037.04
1400;3;1.0;1.0;194;1;0;1970000;99.0;10154.64
1200;3;2.0;2.0;95;1;150;1300000;99.0;13684.21
1000;3;1.0;1.0;83;1;0;900000;99.0;10843.37
1250;3;1.0;1.0;136;1;60;934000;99.0;6867.65
1000;3;1.0;2.0;100;1;150;1240000;99.0;12400.0
1700;3;1.0;2.0;113;1;0;1400000;99.0;12389.38
1200;3;1.0;2.0;110;1;810;1827000;99.0;16609.09
700;3;1.0;2.0;85;1;30;870000;99.0;10235.29
700;3;1.0;1.0;96;1;0;950000;99.0;9895.83
1327;3;1.0;1.0;120;1;480;920000;99.0;7666.67
1600;3;1.0;2.0;130;1;360;1850000;99.0;14230.77
3930;3;3.0;3.0;228;1;30;4199000;99.0;18416.67
750;3;1.0;1.0;115;1;330;1100000;99.0;9565.22
1000;3;1.0;1.0;83;1;0;900000;99.0;10843.37
1350;3;1.0;1.0;140;1;60;1800000;99.0;12857.14
991;3;1.0;1.0;101;1;270;1250000;99.0;12376.24
1300;3;1.0;2.0;108;1;0;1560000;99.0;14444.44
1300;3;1.0;1.0;120;1;0;980000;99.0;8166.67
500;3;1.0;1.0;105;1;0;1280000;99.0;12190.48
1400;3;1.0;2.0;100;1;0;1530000;99.0;15300.0
1300;3;1.0;1.0;94;1;0;950000;99.0;10106.38
950;3;1.0;1.0;82;1;0;998000;99.0;12170.73
1380;3;1.0;1.0;94;1;0;880000;99.0;9361.7
200;3;1.0;1.0;109;1;0;798000;99.0;7321.1
1300;3;1.0;2.0;120;1;0;1650000;99.0;13750.0
1400;3;1.0;1.0;140;1;660;2500000;99.0;17857.14
1500;3;1.0;1.0;110;1;0;1550000;99.0;14090.91
1000;3;1.0;1.0;120;1;0;1100000;99.0;9166.67
1133;3;1.0;1.0;122;1;0;1820000;99.0;14918.03
290;3;1.0;1.0;110;1;0;640000;99.0;5818.18
500;1;1.0;1.0;22;2;0;265000;0.39;12045.45
1678;1;1.0;1.0;55;2;0;535000;99.0;9727.27
750;1;1.0;1.0;60;2;0;799000;0.99;13316.67
420;1;1.0;1.0;44;2;0;520000;99.0;11818.18
390;1;1.0;1.0;31;2;150;515000;0.47;16612.9
492;1;1.0;1.0;34;2;0;380000;0.62;11176.47
450;1;1.0;1.0;36;2;0;420000;83.19;11666.67
450;1;1.0;1.0;38;2;30;385000;1.1;10131.58
365;1;1.0;1.0;40;2;30;390000;0.24;9750.0
520;1;1.0;1.0;25;2;0;270000;0.4;10800.0
550;1;1.0;1.0;48;2;0;540000;99.0;11250.0
520;1;1.0;1.0;55;2;0;690000;0.64;12545.45
350;1;1.0;1.0;28;2;0;500000;0.3;17857.14
739;1;1.0;1.0;60;2;30;590000;0.44;9833.33
650;1;1.0;1.0;38;2;840;370000;1.19;9736.84
1500;1;1.0;1.0;35;2;0;895000;0.2;25571.43
450;1;1.0;1.0;32;2;0;420000;0.28;13125.0
650;1;1.0;1.0;55;2;0;599000;0.39;10890.91
400;1;1.0;1.0;45;2;30;550000;0.57;12222.22
400;1;1.0;1.0;42;2;600;560000;0.38;13333.33
600;1;1.0;1.0;27;2;0;320000;0.31;11851.85
500;1;1.0;1.0;55;2;0;585000;0.34;10636.36
650;1;1.0;1.0;48;2;0;520000;0.33;10833.33
450;1;1.0;1.0;48;2;810;480000;83.19;10000.0
705;1;1.0;1.0;65;2;0;590000;0.28;9076.92
450;1;1.0;1.0;35;2;570;490000;0.28;14000.0
560;1;1.0;1.0;39;2;0;450000;0.45;11538.46
350;1;1.0;1.0;40;2;0;390000;83.19;9750.0
520;1;0.0;1.0;56;2;0;635000;83.19;11339.29
400;1;1.0;1.0;50;2;210;445000;83.19;8900.0
550;1;1.0;1.0;39;2;0;480000;0.5;12307.69
450;1;1.0;1.0;50;2;0;380000;0.59;7600.0
770;2;1.0;1.0;77;2;0;560000;0.83;7272.73
350;2;1.0;1.0;40;2;0;490000;0.35;12250.0
500;2;2.0;1.0;75;2;0;1680000;0.13;22400.0
650;2;2.0;1.0;60;2;180;1000000;0.14;16666.67
800;2;1.0;1.0;80;2;0;820000;0.35;10250.0
700;2;1.0;1.0;75;2;390;800000;0.42;10666.67
1128;2;2.0;1.0;84;2;30;1550000;0.08;18452.38
1500;2;1.0;1.0;150;2;690;1300000;0.41;8666.67
1400;2;1.0;1.0;93;2;120;1350000;0.68;14516.13
650;2;1.0;2.0;80;2;0;820000;0.68;10250.0
700;2;1.0;1.0;70;2;0;715000;0.46;10214.29
650;2;1.0;1.0;70;2;0;820000;0.41;11714.29
700;2;1.0;1.0;80;2;30;710000;0.39;8875.0
500;2;1.0;1.0;75;2;90;755000;99.0;10066.67
650;2;1.0;1.0;80;2;660;895000;0.44;11187.5
650;2;1.0;2.0;80;2;0;900000;0.68;11250.0
525;2;1.0;2.0;79;2;0;760000;0.4;9620.25
600;2;1.0;1.0;53;2;60;745000;0.3;14056.6
500;2;1.0;1.0;48;2;240;510000;0.4;10625.0
600;2;1.0;1.0;80;2;840;834000;0.44;10425.0
650;2;1.0;1.0;80;2;0;849000;99.0;10612.5
693;2;1.0;2.0;65;2;0;580000;0.56;8923.08
850;2;1.0;1.0;79;2;0;1099000;0.45;13911.39
890;2;1.0;1.0;190;2;30;1790000;99.0;9421.05
1275;2;2.0;1.0;60;2;0;1200000;0.71;20000.0
1000;2;1.0;2.0;85;2;0;1600000;0.43;18823.53
1250;2;1.0;1.0;90;2;0;750000;83.19;8333.33
983;2;1.0;1.0;65;2;810;920000;0.53;14153.85
2200;2;2.0;1.0;209;2;660;1500000;99.0;7177.03
1800;2;1.0;1.0;194;2;0;1850000;0.47;9536.08
1100;2;1.0;2.0;80;2;30;1150000;99.0;14375.0
605;2;1.0;1.0;65;2;30;735000;83.19;11307.69
2000;2;2.0;1.0;72;2;0;740000;0.51;10277.78
1300;3;1.0;1.0;168;2;0;1250000;0.29;7440.48
800;3;1.0;1.0;115;2;450;1157000;99.0;10060.87
1200;3;1.0;1.0;160;2;0;1600000;0.43;10000.0
2200;3;1.0;1.0;280;2;0;2800000;0.47;10000.0
1290;3;1.0;1.0;155;2;0;2600000;0.07;16774.19
1200;3;1.0;1.0;100;2;0;1190000;0.17;11900.0
750;3;1.0;1.0;67;2;840;660000;0.83;9850.75
950;3;1.0;1.0;90;2;30;990000;0.64;11000.0
1939;3;1.0;1.0;230;2;0;3990000;0.24;17347.83
1200;3;1.0;1.0;240;2;30;2200000;0.31;9166.67
996;3;1.0;1.0;158;2;60;1550000;83.19;9810.13
1700;3;1.0;2.0;280;2;0;3400000;0.25;12142.86
870;3;1.0;1.0;103;2;0;600000;0.59;5825.24
1950;3;1.0;1.0;174;2;120;1500000;0.28;8620.69
1500;3;1.0;1.0;340;2;0;3850000;0.3;11323.53
2100;3;1.0;1.0;188;2;0;3900000;0.33;20744.68
860;3;1.0;1.0;100;2;0;1050000;0.59;10500.0
1259;3;1.0;1.0;116;2;240;1100000;83.19;9482.76
1500;3;1.0;1.0;150;2;60;2200000;0.47;14666.67
2100;3;3.0;1.0;210;2;0;4500000;0.03;21428.57
1190;3;0.0;1.0;115;2;0;1300000;0.62;11304.35
1700;3;1.0;1.0;166;2;0;1700000;0.73;10240.96
1300;3;1.0;1.0;100;2;0;1080000;0.52;10800.0
1100;3;1.0;1.0;147;2;0;3400000;0.13;23129.25
980;3;1.0;1.0;104;2;0;750000;0.4;7211.54
1400;3;1.0;1.0;120;2;60;1200000;0.33;10000.0
1834;3;1.0;1.0;192;2;30;3600000;0.09;18750.0
1697;3;1.0;1.0;272;2;810;2900000;99.0;10661.76
1450;3;1.0;1.0;122;2;420;1400000;1.16;11475.41
960;3;1.0;1.0;90;2;210;850000;0.23;9444.44
1640;3;2.0;1.0;195;2;30;1600000;0.05;8205.13
1500;3;1.0;1.0;152;2;60;1300000;0.38;8552.63
1400;3;1.0;1.0;166;2;240;1949900;6.3;11746.39
500;3;1.0;1.0;138;2;30;1550000;0.56;11231.88
1500;3;1.0;1.0;152;2;600;1350000;99.0;8881.58
1620;3;1.0;1.0;163;2;0;1480000;0.61;9079.75
800;3;1.0;1.0;75;2;0;950000;0.5;12666.67
894;3;1.0;1.0;110;2;630;1480000;0.66;13454.55
1500;3;2.0;1.0;141;2;30;1975000;0.42;14007.09
700;3;1.0;1.0;110;2;60;1500000;0.49;13636.36
1700;3;1.0;2.0;175;2;30;2497000;0.41;14268.57
2000;3;1.0;2.0;290;2;0;3000000;0.25;10344.83
1000;3;1.0;4.0;175;2;0;1890000;0.63;10800.0
1800;3;1.0;1.0;190;2;0;2200000;0.42;11578.95
2000;3;2.0;1.0;220;2;0;2500000;0.32;11363.64
800;1;1.0;1.0;150;3;0;1850000;99.0;12333.33
850;1;1.0;1.0;150;3;0;1850000;99.0;12333.33
420;1;1.0;1.0;35;3;0;750000;99.0;21428.57
775;1;1.0;1.0;50;3;0;1080000;99.0;21600.0
290;1;1.0;1.0;36;3;660;840000;99.0;23333.33
700;1;1.0;1.0;45;3;0;750000;99.0;16666.67
785;1;1.0;1.0;50;3;780;950000;99.0;19000.0
646;1;1.0;1.0;61;3;30;950000;99.0;15573.77
550;1;1.0;1.0;54;3;0;700000;99.0;12962.96
800;1;1.0;1.0;56;3;0;850000;99.0;15178.57
700;1;1.0;1.0;55;3;0;620000;99.0;11272.73
400;1;0.0;0.0;37;3;30;480000;99.0;12972.97
500;1;1.0;1.0;40;3;0;620000;99.0;15500.0
665;1;1.0;1.0;54;3;150;700000;99.0;12962.96
600;1;1.0;1.0;50;3;0;800000;99.0;16000.0
600;1;1.0;1.0;38;3;0;650000;99.0;17105.26
700;1;1.0;1.0;58;3;0;850000;99.0;14655.17
646;1;1.0;1.0;61;3;0;950000;99.0;15573.77
790;1;1.0;1.0;65;3;30;890000;99.0;13692.31
680;2;2.0;1.0;120;3;30;1100000;99.0;9166.67
708;2;1.0;1.0;82;3;0;1480000;99.0;18048.78
1183;2;2.0;2.0;142;3;690;1950000;99.0;13732.39
1184;2;2.0;2.0;142;3;690;1950000;99.0;13732.39
650;2;2.0;1.0;75;3;300;810000;99.0;10800.0
937;2;1.0;1.0;80;3;0;1400000;99.0;17500.0
975;2;1.0;1.0;80;3;0;1399000;99.0;17487.5
782;2;1.0;1.0;71;3;0;1250000;99.0;17605.63
1200;2;1.0;2.0;160;3;0;2750000;99.0;17187.5
1800;2;2.0;1.0;116;3;0;2850000;99.0;24568.97
1400;2;1.0;1.0;90;3;0;1855000;99.0;20611.11
1250;2;1.0;1.0;90;3;300;1789000;99.0;19877.78
987;2;1.0;1.0;78;3;0;1250000;99.0;16025.64
987;2;0.0;1.0;80;3;210;1388000;99.0;17350.0
500;2;1.0;1.0;75;3;30;1350000;99.0;18000.0
500;2;1.0;1.0;67;3;0;800000;99.0;11940.3
1250;2;1.0;1.0;100;3;0;1800000;99.0;18000.0
688;2;1.0;1.0;110;3;0;1200000;99.0;10909.09
1400;2;1.0;1.0;100;3;30;1670000;99.0;16700.0
600;2;1.0;1.0;70;3;0;890000;99.0;12714.29
850;2;1.0;1.0;97;3;30;1000000;99.0;10309.28
550;2;1.0;1.0;72;3;0;970000;99.0;13472.22
1500;2;1.0;1.0;85;3;0;1150000;99.0;13529.41
1100;2;1.0;1.0;86;3;0;1680000;99.0;19534.88
800;2;1.0;1.0;89;3;150;980000;99.0;11011.24
1500;3;1.0;2.0;100;3;0;1799000;99.0;17990.0
1042;3;1.0;2.0;110;3;0;2300000;99.0;20909.09
1078;3;1.0;1.0;176;3;0;1600000;99.0;9090.91
1100;3;1.0;2.0;220;3;0;4500000;99.0;20454.55
2500;3;2.0;2.0;160;3;0;2450000;99.0;15312.5
1400;3;2.0;1.0;92;3;0;1650000;99.0;17934.78
500;3;1.0;2.0;100;3;60;980000;99.0;9800.0
1300;3;1.0;2.0;88;3;60;1520000;99.0;17272.73
850;3;1.0;1.0;148;3;0;1750000;99.0;11824.32
500;3;1.0;1.0;98;3;0;1500000;99.0;15306.12
1390;3;1.0;1.0;118;3;30;1550000;99.0;13135.59
1600;3;1.0;2.0;110;3;210;2260000;99.0;20545.45
1450;3;1.0;2.0;140;3;0;2200000;99.0;15714.29
1100;3;1.0;1.0;93;3;630;1600000;99.0;17204.3
740;3;1.0;1.0;97;3;150;1250000;99.0;12886.6
680;3;1.0;2.0;110;3;0;2200000;99.0;20000.0
1350;3;1.0;1.0;94;3;30;1650000;99.0;17553.19
1600;3;1.0;1.0;127;3;150;1390000;99.0;10944.88
1600;3;1.0;1.0;120;3;0;1750000;99.0;14583.33
2400;3;1.0;1.0;138;3;0;1700000;99.0;12318.84
680;3;1.0;2.0;105;3;0;2200000;99.0;20952.38
1300;3;1.0;2.0;109;3;300;2350000;99.0;21559.63
1014;3;1.0;1.0;115;3;0;2100000;99.0;18260.87
330;1;1.0;1.0;55;4;90;355000;99.0;6454.55
330;1;1.0;1.0;52;4;0;345000;99.0;6634.62
500;1;1.0;1.0;70;4;0;450000;99.0;6428.57
440;1;0.0;1.0;50;4;0;340000;99.0;6800.0
560;1;1.0;1.0;59;4;60;280000;99.0;4745.76
400;1;1.0;1.0;30;4;0;250000;99.0;8333.33
370;1;1.0;1.0;61;4;0;380000;99.0;6229.51
380;1;1.0;1.0;55;4;0;325000;99.0;5909.09
500;1;1.0;1.0;38;4;0;249999;99.0;6578.92
580;1;1.0;1.0;55;4;0;300000;99.0;5454.55
500;1;0.0;1.0;60;4;0;425000;99.0;7083.33
485;1;1.0;1.0;50;4;0;400000;99.0;8000.0
470;1;1.0;1.0;53;4;0;300000;99.0;5660.38
600;1;0.0;1.0;52;4;0;370000;99.0;7115.38
500;1;0.0;1.0;53;4;0;300000;99.0;5660.38
550;1;0.0;1.0;60;4;0;430000;99.0;7166.67
350;1;1.0;1.0;48;4;0;300000;99.0;6250.0
550;1;1.0;1.0;60;4;0;159000;99.0;2650.0
130;1;1.0;1.0;50;4;0;315000;99.0;6300.0
740;2;1.0;1.0;70;4;0;430000;99.0;6142.86
473;2;1.0;1.0;72;4;0;430000;99.0;5972.22
389;2;1.0;1.0;45;4;0;350000;99.0;7777.78
546;2;1.0;1.0;67;4;0;460000;99.0;6865.67
550;2;1.0;1.0;80;4;0;465000;99.0;5812.5
540;2;1.0;1.0;100;4;0;550000;99.0;5500.0
650;2;1.0;1.0;71;4;0;510000;99.0;7183.1
661;2;1.0;1.0;75;4;0;450000;99.0;6000.0
210;2;1.0;1.0;80;4;0;370000;99.0;4625.0
800;2;1.0;1.0;80;4;0;340000;99.0;4250.0
600;2;1.0;1.0;60;4;0;380000;99.0;6333.33
620;2;1.0;1.0;90;4;0;630000;99.0;7000.0
530;2;1.0;1.0;60;4;60;330000;99.0;5500.0
468;2;2.0;1.0;65;4;270;430000;99.0;6615.38
710;2;1.0;1.0;76;4;0;600000;99.0;7894.74
711;2;1.0;1.0;83;4;0;380000;99.0;4578.31
669;2;1.0;1.0;70;4;0;550000;99.0;7857.14
680;2;2.0;1.0;65;4;30;390000;99.0;6000.0
700;2;2.0;1.0;70;4;450;350000;99.0;5000.0
730;2;1.0;1.0;61;4;0;350000;99.0;5737.7
640;2;1.0;1.0;70;4;0;435000;99.0;6214.29
530;2;1.0;1.0;72;4;0;420000;99.0;5833.33
600;2;1.0;1.0;75;4;0;400000;99.0;5333.33
650;2;2.0;1.0;63;4;60;590000;99.0;9365.08
700;2;1.0;1.0;90;4;0;625000;99.0;6944.44
750;2;1.0;1.0;98;4;30;460000;99.0;4693.88
260;2;1.0;1.0;78;4;0;400000;99.0;5128.21
560;2;1.0;1.0;66;4;0;380000;99.0;5757.58
250;2;1.0;0.0;66;4;780;250000;99.0;3787.88
1206;2;1.0;1.0;77;4;0;450000;99.0;5844.16
250;2;1.0;1.0;60;4;0;305000;99.0;5083.33
500;2;2.0;1.0;70;4;150;599000;99.0;8557.14
428;2;1.0;1.0;86;4;0;248000;99.0;2883.72
650;2;1.0;1.0;78;4;0;580000;99.0;7435.9
500;3;1.0;2.0;103;4;0;579999;99.0;5631.06
800;3;1.0;2.0;99;4;0;700000;99.0;7070.71
800;3;1.0;2.0;97;4;0;630000;99.0;6494.85
330;3;1.0;2.0;94;4;0;400000;99.0;4255.32
930;3;1.0;2.0;150;4;0;894000;99.0;5960.0
500;3;1.0;1.0;80;4;60;228000;99.0;2850.0
712;3;1.0;1.0;100;4;0;800000;99.0;8000.0
950;3;1.0;2.0;120;4;0;640000;99.0;5333.33
800;3;1.0;2.0;79;4;30;540000;99.0;6835.44
800;3;1.0;1.0;86;4;60;640000;99.0;7441.86
890;3;1.0;2.0;130;4;0;560000;99.0;4307.69
200;3;1.0;2.0;80;4;120;450000;99.0;5625.0
792;3;1.0;1.0;94;4;0;630000;99.0;6702.13
700;3;1.0;1.0;118;4;0;650000;99.0;5508.47
750;3;1.0;1.0;94;4;0;580000;99.0;6170.21
230;3;1.0;1.0;90;4;690;550000;99.0;6111.11
1113;3;1.0;2.0;120;4;0;749000;99.0;6241.67
890;3;1.0;2.0;130;4;0;700000;99.0;5384.62
630;3;1.0;1.0;81;4;60;320000;99.0;3950.62
300;3;1.0;1.0;110;4;0;550000;99.0;5000.0
483;3;1.0;1.0;80;4;0;460000;99.0;5750.0
400;3;1.0;1.0;114;4;0;650000;99.0;5701.75
1122;3;1.0;2.0;107;4;0;750000;99.0;7009.35
560;3;1.0;1.0;93;4;0;370000;99.0;3978.49
500;3;1.0;1.0;200;4;0;615000;99.0;3075.0
1100;3;1.0;2.0;118;4;840;620000;99.0;5254.24
400;1;1.0;1.0;25;5;30;520000;0.48;20800.0
550;1;1.0;1.0;55;5;90;750000;0.4;13636.36
500;1;1.0;1.0;36;5;30;975000;0.17;27083.33
500;1;1.0;1.0;48;5;0;1000000;0.34;20833.33
565;1;1.0;1.0;33;5;0;690000;0.3;20909.09
663;1;1.0;1.0;37;5;0;750000;80.44;20270.27
600;1;0.0;0.0;30;5;30;499000;0.31;16633.33
628;1;1.0;1.0;65;5;0;900000;99.0;13846.15
2500;1;1.0;1.0;40;5;30;1300000;8.69;32500.0
600;1;1.0;1.0;50;5;0;1575000;0.47;31500.0
650;1;1.0;1.0;46;5;0;750000;0.37;16304.35
605;1;1.0;1.0;50;5;0;1050000;0.36;21000.0
598;1;1.0;1.0;35;5;30;500000;972.18;14285.71
580;1;1.0;2.0;52;5;30;899000;80.44;17288.46
1190;1;1.0;1.0;50;5;0;1100000;0.37;22000.0
1045;1;1.0;2.0;108;5;30;1700000;80.44;15740.74
600;1;1.0;1.0;30;5;0;680000;0.38;22666.67
750;1;1.0;1.0;36;5;30;660000;0.67;18333.33
490;1;1.0;1.0;33;5;0;515000;0.51;15606.06
400;1;1.0;1.0;55;5;0;920000;0.65;16727.27
1800;1;1.0;1.0;50;5;450;1350000;0.16;27000.0
380;1;1.0;1.0;48;5;0;790000;0.53;16458.33
715;1;1.0;1.0;56;5;60;1050000;0.5;18750.0
2480;2;1.0;1.0;90;5;0;1580000;0.38;17555.56
450;2;1.0;2.0;70;5;0;1050000;0.39;15000.0
1;2;2.0;1.0;65;5;0;1000000;0.28;15384.62
1650;2;2.0;1.0;75;5;0;1250000;0.46;16666.67
4011;2;2.0;2.0;70;5;0;2000000;99.0;28571.43
750;2;1.0;1.0;75;5;0;1070000;99.0;14266.67
300;2;2.0;1.0;90;5;240;1500000;80.44;16666.67
980;2;1.0;1.0;100;5;690;1450000;99.0;14500.0
1885;2;1.0;2.0;147;5;150;3950000;972.18;26870.75
1520;2;1.0;1.0;70;5;0;960000;0.48;13714.29
720;2;2.0;1.0;70;5;0;990000;0.47;14142.86
1200;2;1.0;1.0;76;5;30;1400000;0.33;18421.05
700;2;1.0;1.0;70;5;570;900000;0.17;12857.14
800;2;1.0;1.0;75;5;0;1150000;0.39;15333.33
455;2;2.0;2.0;110;5;150;1550000;0.61;14090.91
2000;2;2.0;1.0;87;5;150;2300000;0.54;26436.78
780;2;1.0;1.0;60;5;60;699000;0.34;11650.0
814;2;1.0;1.0;82;5;0;1500000;0.61;18292.68
700;2;1.0;1.0;78;5;30;1100000;0.1;14102.56
3090;2;1.0;2.0;180;5;60;2800000;80.44;15555.56
1500;2;1.0;1.0;80;5;0;1900000;0.15;23750.0
430;2;1.0;2.0;76;5;30;840000;80.44;11052.63
850;2;1.0;2.0;83;5;150;1900000;0.53;22891.57
900;2;1.0;1.0;70;5;0;1350000;0.59;19285.71
1800;2;1.0;1.0;110;5;360;1800000;0.44;16363.64
3800;2;2.0;2.0;60;5;0;2350000;0.37;39166.67
600;2;1.0;1.0;65;5;0;950000;0.59;14615.38
900;2;1.0;1.0;70;5;60;910000;0.47;13000.0
760;2;1.0;1.0;70;5;30;650000;0.31;9285.71
1463;3;1.0;1.0;130;5;0;3400000;0.3;26153.85
1700;3;3.0;1.0;110;5;270;1780000;0.44;16181.82
1;3;3.0;4.0;359;5;0;11000000;0.81;30640.67
1500;3;1.0;2.0;160;5;420;3700000;0.67;23125.0
1310;3;3.0;1.0;172;5;270;5900000;80.44;34302.33
1450;3;1.0;2.0;90;5;420;849000;0.58;9433.33
1070;3;1.0;1.0;134;5;0;950000;0.61;7089.55
1500;3;1.0;1.0;124;5;0;2500000;0.6;20161.29
1000;3;1.0;1.0;126;5;0;1890000;0.78;15000.0
1000;3;1.0;1.0;115;5;90;1490000;9.23;12956.52
930;3;1.0;1.0;130;5;60;1500000;80.44;11538.46
2500;3;1.0;2.0;135;5;0;3400000;0.57;25185.19
2500;3;1.0;2.0;250;5;0;4500000;0.39;18000.0
1200;3;1.0;1.0;120;5;0;2800000;0.44;23333.33
1600;3;1.0;1.0;110;5;0;1850000;0.54;16818.18
1620;3;1.0;1.0;162;5;60;3500000;0.78;21604.94
2800;3;1.0;1.0;160;5;300;3000000;0.35;18750.0
1400;3;1.0;2.0;140;5;30;1730000;0.45;12357.14
950;3;1.0;2.0;110;5;60;1999000;99.0;18172.73
120;3;1.0;1.0;125;5;30;1789000;0.33;14312.0
745;3;1.0;1.0;76;5;60;1490000;0.58;19605.26
1200;3;1.0;1.0;70;5;0;1380000;0.29;19714.29
1575;3;1.0;1.0;103;5;0;1750000;80.44;16990.29
2000;3;1.0;1.0;130;5;0;2900000;0.7;22307.69
3200;3;1.0;2.0;107;5;150;3950000;0.54;36915.89
1517;3;1.0;1.0;110;5;150;1890000;0.48;17181.82
1200;3;3.0;1.0;105;5;60;900000;0.49;8571.43
4500;3;1.0;1.0;200;5;60;6500000;972.18;32500.0
900;3;1.0;1.0;130;5;0;1500000;0.28;11538.46
1600;3;1.0;1.0;150;5;30;2800000;0.41;18666.67
3800;3;1.0;2.0;250;5;0;6800000;0.45;27200.0
2600;3;2.0;1.0;140;5;0;3200000;0.48;22857.14
2600;3;1.0;2.0;150;5;30;3700000;0.56;24666.67
1500;3;1.0;1.0;144;5;150;2380000;0.58;16527.78
2100;3;1.0;1.0;185;5;90;3500000;99.0;18918.92
1600;3;1.0;2.0;120;5;30;2480000;80.44;20666.67
1400;3;1.0;1.0;105;5;0;1950000;0.18;18571.43
1650;3;1.0;2.0;138;5;0;2700000;0.58;19565.22
1250;3;2.0;1.0;118;5;0;1990000;0.33;16864.41
1700;3;1.0;2.0;113;5;60;3200000;0.2;28318.58
1500;3;1.0;1.0;100;5;0;1345000;0.28;13450.0
990;3;1.0;1.0;110;5;420;1800000;0.38;16363.64
545;1;0.0;0.0;35;6;90;730000;0.84;20857.14
450;1;1.0;1.0;43;6;0;679000;0.51;15790.7
1570;1;1.0;1.0;35;6;0;1350000;0.32;38571.43
520;1;1.0;1.0;50;6;0;850000;0.97;17000.0
415;1;1.0;0.0;49;6;0;650000;0.96;13265.31
545;1;1.0;0.0;35;6;0;730000;0.84;20857.14
650;1;1.0;0.0;46;6;210;680000;972.18;14782.61
400;1;0.0;0.0;27;6;420;445000;0.55;16481.48
604;1;1.0;1.0;50;6;0;980000;0.29;19600.0
360;1;0.0;0.0;45;6;570;790000;0.55;17555.56
450;1;1.0;0.0;50;6;150;650000;972.18;13000.0
1800;1;1.0;1.0;45;6;60;1350000;99.0;30000.0
1670;1;1.0;1.0;44;6;60;1250000;99.0;28409.09
1450;1;1.0;1.0;50;6;0;1299000;0.21;25980.0
760;1;1.0;0.0;64;6;30;1375000;0.39;21484.38
400;1;1.0;3.0;55;6;0;610000;0.96;11090.91
1600;1;1.0;1.0;50;6;0;1733000;0.44;34660.0
950;1;0.0;0.0;75;6;60;1550000;99.0;20666.67
500;1;1.0;1.0;33;6;0;1000000;0.31;30303.03
1750;1;1.0;3.0;170;6;0;4000000;99.0;23529.41
320;2;2.0;1.0;50;6;0;1100000;0.15;22000.0
800;2;1.0;1.0;111;6;60;2300000;99.0;20720.72
1036;2;1.0;1.0;65;6;60;1200000;99.0;18461.54
840;2;2.0;1.0;46;6;0;1150000;0.45;25000.0
1866;2;2.0;2.0;206;6;840;2900000;0.6;14077.67
1550;2;2.0;1.0;92;6;60;2300000;0.44;25000.0
894;2;0.0;0.0;70;6;180;1130000;0.37;16142.86
550;2;1.0;2.0;56;6;0;945000;0.5;16875.0
780;2;1.0;1.0;70;6;690;1500000;0.24;21428.57
800;2;1.0;1.0;80;6;30;1440000;99.0;18000.0
2000;2;1.0;2.0;149;6;0;3500000;0.44;23489.93
1560;2;1.0;1.0;80;6;30;1490000;0.6;18625.0
1100;2;1.0;1.0;90;6;0;1100000;0.82;12222.22
1160;2;1.0;1.0;100;6;360;1700000;0.95;17000.0
950;2;2.0;1.0;60;6;90;1050000;79.27;17500.0
1800;2;1.0;1.0;91;6;30;2500000;0.6;27472.53
1600;2;2.0;1.0;92;6;150;3000000;0.44;32608.7
1300;2;2.0;2.0;149;6;150;2450000;0.77;16442.95
860;2;0.0;1.0;68;6;0;1600000;0.55;23529.41
750;2;1.0;1.0;77;6;150;1400000;0.42;18181.82
750;2;1.0;1.0;113;6;30;2550000;0.38;22566.37
1200;2;1.0;1.0;76;6;0;1290000;0.73;16973.68
1070;2;0.0;1.0;72;6;30;920000;0.45;12777.78
650;2;1.0;1.0;70;6;0;700000;99.0;10000.0
1300;2;1.0;1.0;66;6;270;1365000;0.51;20681.82
1900;2;1.0;2.0;95;6;240;1600000;0.95;16842.11
1100;2;2.0;1.0;68;6;150;950000;0.35;13970.59
450;2;2.0;1.0;70;6;0;1180000;0.33;16857.14
1050;2;1.0;1.0;65;6;690;1050000;0.49;16153.85
500;3;0.0;1.0;90;6;30;1350000;99.0;15000.0
3600;3;1.0;1.0;160;6;0;4000000;0.14;25000.0
1200;3;1.0;1.0;120;6;420;1700000;99.0;14166.67
1200;3;1.0;2.0;115;6;60;1550000;99.0;13478.26
6500;3;1.0;2.0;260;6;90;10500000;0.18;40384.62
1115;3;1.0;2.0;84;6;0;1250000;0.56;14880.95
1350;3;1.0;1.0;96;6;30;2300000;0.4;23958.33
600;3;1.0;1.0;85;6;0;1700000;0.55;20000.0
1100;3;1.0;2.0;100;6;150;2400000;0.78;24000.0
2009;3;1.0;1.0;104;6;150;3500000;0.2;33653.85
2520;3;1.0;1.0;130;6;0;2250000;0.43;17307.69
3080;3;1.0;2.0;156;6;0;3400000;0.37;21794.87
1400;3;1.0;1.0;120;6;30;2100000;0.41;17500.0
1500;3;1.0;1.0;182;6;150;3080000;0.56;16923.08
2250;3;1.0;2.0;128;6;0;2980000;0.14;23281.25
4000;3;1.0;2.0;160;6;30;5900000;0.09;36875.0
1060;3;1.0;1.0;85;6;150;1950000;0.67;22941.18
1700;3;2.0;2.0;100;6;840;1690000;79.27;16900.0
1400;3;2.0;1.0;110;6;150;2100000;0.48;19090.91
1680;3;3.0;2.0;130;6;180;4000000;0.39;30769.23
1000;3;1.0;1.0;94;6;0;2190000;0.61;23297.87
1600;3;1.0;1.0;132;6;0;2650000;0.38;20075.76
800;3;2.0;1.0;90;6;0;1850000;0.87;20555.56
1124;3;1.0;1.0;145;6;150;2490000;0.27;17172.41
1500;3;3.0;2.0;137;6;30;3200000;79.27;23357.66
1050;3;1.0;1.0;131;6;0;2599000;0.68;19839.69
1200;3;1.0;1.0;88;6;150;1550000;0.69;17613.64
1080;3;1.0;1.0;105;6;30;1650000;0.55;15714.29
2500;3;1.0;2.0;220;6;0;6500000;0.06;29545.45
1880;3;1.0;1.0;140;6;660;3640000;0.55;26000.0
900;3;1.0;1.0;130;6;390;2107000;99.0;16207.69
709;3;1.0;1.0;80;6;0;1750000;0.55;21875.0
951;3;1.0;1.0;100;6;30;1800000;0.38;18000.0
1600;3;1.0;1.0;95;6;150;2100000;0.54;22105.26
1127;3;1.0;1.0;100;6;0;1950000;0.15;19500.0
3300;3;1.0;1.0;105;6;180;2390000;79.27;22761.9
2250;3;1.0;2.0;150;6;150;2740000;0.71;18266.67
1200;3;1.0;1.0;100;6;420;2090000;99.0;20900.0
330;1;1.0;1.0;38;7;0;389999;99.0;10263.13
480;1;1.0;1.0;50;7;0;400000;99.0;8000.0
500;1;1.0;1.0;56;7;0;370000;99.0;6607.14
550;1;1.0;1.0;37;7;60;318000;99.0;8594.59
411;1;1.0;1.0;48;7;0;230000;99.0;4791.67
385;1;1.0;1.0;58;7;0;370000;99.0;6379.31
655;1;1.0;1.0;50;7;0;400000;99.0;8000.0
456;1;1.0;1.0;33;7;0;330000;99.0;10000.0
315;1;1.0;1.0;50;7;0;224999;99.0;4499.98
490;1;1.0;1.0;46;7;0;430000;99.0;9347.83
450;1;0.0;1.0;40;7;0;339000;99.0;8475.0
450;1;1.0;1.0;46;7;0;320000;99.0;6956.52
500;1;1.0;1.0;54;7;30;365000;99.0;6759.26
380;1;1.0;1.0;41;7;0;320000;99.0;7804.88
550;1;1.0;1.0;61;7;0;470000;99.0;7704.92
420;1;1.0;1.0;50;7;0;340000;99.0;6800.0
690;1;1.0;1.0;60;7;0;400000;99.0;6666.67
500;1;1.0;1.0;38;7;0;249999;99.0;6578.92
300;1;1.0;1.0;41;7;0;320000;99.0;7804.88
265;1;1.0;1.0;44;7;0;330000;99.0;7500.0
715;1;1.0;1.0;64;7;0;370000;99.0;5781.25
270;1;1.0;1.0;44;7;330;420000;99.0;9545.45
350;1;1.0;1.0;50;7;240;320000;99.0;6400.0
480;1;1.0;1.0;48;7;0;340000;99.0;7083.33
380;1;1.0;1.0;36;7;0;420000;99.0;11666.67
286;1;1.0;1.0;49;7;0;205000;99.0;4183.67
286;1;1.0;1.0;40;7;0;215000;99.0;5375.0
645;2;1.0;1.0;74;7;0;540000;99.0;7297.3
650;2;1.0;1.0;74;7;0;630000;99.0;8513.51
330;2;1.0;1.0;60;7;30;420000;99.0;7000.0
550;2;1.0;1.0;60;7;120;399000;99.0;6650.0
813;2;1.0;1.0;69;7;30;360000;99.0;5217.39
970;2;1.0;1.0;67;7;30;405000;99.0;6044.78
900;2;1.0;1.0;80;7;30;550000;99.0;6875.0
550;2;1.0;1.0;71;7;30;770000;99.0;10845.07
890;2;1.0;1.0;64;7;0;400000;99.0;6250.0
423;2;1.0;1.0;73;7;0;365000;99.0;5000.0
700;2;1.0;1.0;69;7;30;555000;99.0;8043.48
380;2;1.0;1.0;70;7;0;550000;99.0;7857.14
460;2;1.0;1.0;70;7;0;295000;99.0;4214.29
350;2;1.0;1.0;52;7;0;335000;99.0;6442.31
500;2;1.0;1.0;57;7;150;370000;99.0;6491.23
500;2;1.0;1.0;60;7;330;540000;99.0;9000.0
700;2;1.0;1.0;70;7;60;400000;99.0;5714.29
850;2;1.0;1.0;75;7;0;455000;99.0;6066.67
550;2;1.0;1.0;90;7;90;500000;99.0;5555.56
590;2;1.0;1.0;73;7;30;650000;99.0;8904.11
744;2;1.0;1.0;84;7;0;600000;99.0;7142.86
390;2;1.0;1.0;50;7;30;244000;99.0;4880.0
736;2;1.0;1.0;92;7;0;650000;99.0;7065.22
470;2;1.0;1.0;72;7;0;419000;99.0;5819.44
885;2;1.0;1.0;78;7;0;580000;99.0;7435.9
640;2;1.0;1.0;70;7;60;600000;99.0;8571.43
600;2;1.0;1.0;86;7;60;550000;99.0;6395.35
1100;2;1.0;1.0;98;7;0;730000;99.0;7448.98
250;2;2.0;1.0;108;7;330;870000;99.0;8055.56
714;2;1.0;1.0;75;7;0;560000;99.0;7466.67
330;2;1.0;1.0;50;7;0;360000;99.0;7200.0
281;2;1.0;1.0;72;7;0;430000;99.0;5972.22
850;2;1.0;1.0;80;7;0;550000;99.0;6875.0
480;2;1.0;1.0;70;7;0;525000;99.0;7500.0
472;2;1.0;1.0;68;7;450;766000;99.0;11264.71
738;2;1.0;1.0;87;7;210;650000;99.0;7471.26
750;2;1.0;1.0;75;7;0;620000;99.0;8266.67
480;2;1.0;1.0;65;7;0;570000;99.0;8769.23
566;2;1.0;1.0;90;7;0;500000;99.0;5555.56
1200;2;1.0;1.0;70;7;0;700000;99.0;10000.0
621;2;1.0;1.0;90;7;0;530000;99.0;5888.89
712;2;1.0;1.0;75;7;0;630000;99.0;8400.0
650;2;1.0;1.0;87;7;30;650000;99.0;7471.26
1100;3;1.0;1.0;134;7;0;695000;99.0;5186.57
406;3;1.0;1.0;80;7;240;430000;99.0;5375.0
890;3;1.0;2.0;139;7;0;1100000;99.0;7913.67
1300;3;2.0;2.0;108;7;630;400000;99.0;3703.7
485;3;1.0;1.0;85;7;690;490000;99.0;5764.71
420;3;1.0;1.0;120;7;240;660000;99.0;5500.0
810;3;1.0;1.0;130;7;0;699000;99.0;5376.92
900;3;1.0;1.0;88;7;270;500000;99.0;5681.82
500;3;1.0;1.0;95;7;840;650000;99.0;6842.11
597;3;1.0;2.0;110;7;0;670000;99.0;6090.91
190;3;1.0;1.0;80;7;0;510000;99.0;6375.0
780;3;1.0;1.0;120;7;630;780000;99.0;6500.0
1000;3;1.0;2.0;180;7;60;1290000;99.0;7166.67
588;3;1.0;1.0;98;7;120;1100000;99.0;11224.49
1000;3;1.0;1.0;108;7;0;750000;99.0;6944.44
600;3;1.0;1.0;85;7;60;480000;99.0;5647.06
1370;3;1.0;2.0;130;7;0;1050000;99.0;8076.92
900;3;1.0;1.0;100;7;30;750000;99.0;7500.0
730;3;1.0;1.0;90;7;0;550000;99.0;6111.11
910;3;1.0;1.0;144;7;180;980000;99.0;6805.56
1000;3;1.0;2.0;125;7;780;825000;99.0;6600.0
1050;3;1.0;2.0;95;7;0;899000;99.0;9463.16
1100;3;1.0;2.0;110;7;0;850000;99.0;7727.27
400;3;1.0;1.0;116;7;0;500000;99.0;4310.34
566;3;1.0;1.0;82;7;0;420000;99.0;5121.95
950;3;1.0;1.0;105;7;0;730000;99.0;6952.38
880;3;1.0;1.0;100;7;90;800000;99.0;8000.0
700;3;1.0;1.0;85;7;0;625000;99.0;7352.94
670;3;1.0;1.0;80;7;180;620000;99.0;7750.0
880;3;1.0;2.0;120;7;0;750000;99.0;6250.0
760;3;1.0;1.0;86;7;0;550000;99.0;6395.35
686;3;1.0;1.0;105;7;0;490000;99.0;4666.67
450;3;0.0;1.0;72;7;0;435000;99.0;6041.67
1100;3;1.0;1.0;119;7;30;429900;99.0;3612.61
1500;3;1.0;2.0;125;7;30;1280000;99.0;10240.0
1000;3;1.0;2.0;103;7;30;800000;99.0;7766.99
1850;3;1.0;2.0;166;7;270;1600000;99.0;9638.55
1500;3;1.0;2.0;151;7;90;1400000;99.0;9271.52
1000;3;1.0;2.0;110;7;0;810000;99.0;7363.64
500;3;1.0;2.0;124;7;30;1100000;99.0;8870.97
675;3;1.0;1.0;155;7;0;658000;99.0;4245.16
465;1;1.0;1.0;48;1;90;560000;99.0;11666.67
895;1;1.0;1.0;60;1;0;629000;99.0;10483.33
358;1;1.0;1.0;28;1;0;560000;99.0;20000.0
500;1;1.0;1.0;41;1;120;550000;99.0;13414.63
350;1;1.0;1.0;21;1;60;340000;99.0;16190.48
350;1;1.0;1.0;34;1;0;425000;99.0;12500.0
674;1;1.0;1.0;61;1;30;600000;99.0;9836.07
700;1;1.0;1.0;70;1;0;700000;99.0;10000.0
947;1;1.0;1.0;40;1;0;599000;99.0;14975.0
1550;1;1.0;1.0;44;1;0;680000;99.0;15454.55
500;1;1.0;1.0;30;1;0;385000;99.0;12833.33
1000;1;1.0;1.0;54;1;0;740000;99.0;13703.7
552;1;0.0;1.0;67;1;450;790000;99.0;11791.04
360;1;1.0;1.0;45;1;240;530000;99.0;11777.78
495;1;1.0;1.0;54;1;0;515000;99.0;9537.04
400;1;1.0;1.0;50;1;0;575000;99.0;11500.0
500;1;1.0;1.0;38;1;0;430000;99.0;11315.79
500;1;0.0;1.0;47;1;0;670000;99.0;14255.32
600;1;1.0;1.0;45;1;0;500000;99.0;11111.11
465;1;1.0;1.0;50;1;0;570000;99.0;11400.0
430;1;1.0;1.0;40;1;0;399000;99.0;9975.0
130;1;1.0;1.0;50;1;0;130000;99.0;2600.0
1000;1;1.0;1.0;54;1;0;750000;99.0;13888.89
280;1;1.0;1.0;65;1;0;578000;99.0;8892.31
608;1;1.0;1.0;52;1;480;550000;99.0;10576.92
500;1;1.0;1.0;30;1;0;275000;99.0;9166.67
400;1;1.0;1.0;37;1;0;420000;99.0;11351.35
410;1;1.0;1.0;43;1;0;600000;99.0;13953.49
1071;1;1.0;1.0;44;1;90;568000;99.0;12909.09
1000;1;1.0;1.0;81;1;0;1250000;99.0;15432.1
1100;2;1.0;1.0;90;1;480;1350000;99.0;15000.0
927;2;2.0;1.0;64;1;0;760000;99.0;11875.0
500;2;2.0;1.0;78;1;90;990000;99.0;12692.31
996;2;1.0;1.0;97;1;60;1190000;99.0;12268.04
1500;2;1.0;1.0;68;1;60;950000;99.0;13970.59
1200;2;1.0;2.0;68;1;60;950000;99.0;13970.59
850;2;1.0;1.0;98;1;90;960000;99.0;9795.92
300;2;1.0;1.0;66;1;60;590000;99.0;8939.39
977;2;2.0;1.0;76;1;0;1152000;99.0;15157.89
1200;2;1.0;1.0;83;1;0;1250000;99.0;15060.24
650;2;1.0;1.0;76;1;540;670000;99.0;8815.79
1100;2;1.0;1.0;79;1;30;799000;99.0;10113.92
1300;2;1.0;1.0;86;1;0;1000000;99.0;11627.91
600;2;1.0;1.0;70;1;0;720000;99.0;10285.71
760;2;1.0;1.0;76;1;0;890000;99.0;11710.53
950;2;1.0;1.0;75;1;90;1150000;99.0;15333.33
860;2;2.0;1.0;76;1;0;1050000;99.0;13815.79
859;2;1.0;1.0;83;1;60;1400000;99.0;16867.47
936;2;1.0;1.0;70;1;0;1080000;99.0;15428.57
520;2;1.0;1.0;75;1;120;519000;99.0;6920.0
790;2;1.0;1.0;71;1;0;950000;99.0;13380.28
580;2;1.0;1.0;65;1;0;830000;99.0;12769.23
1000;2;1.0;1.0;88;1;90;995000;99.0;11306.82
920;2;1.0;1.0;70;1;90;1080000;99.0;15428.57
630;2;1.0;1.0;70;1;0;600000;99.0;8571.43
970;2;1.0;1.0;75;1;0;980000;99.0;13066.67
350;2;1.0;1.0;64;1;0;600000;99.0;9375.0
1500;2;1.0;2.0;80;1;180;1300000;99.0;16250.0
900;2;1.0;1.0;90;1;0;980000;99.0;10888.89
990;2;1.0;1.0;86;1;150;650000;99.0;7558.14
770;2;1.0;1.0;60;1;0;550000;99.0;9166.67
450;2;1.0;1.0;117;1;0;800000;99.0;6837.61
840;2;1.0;1.0;74;1;0;930000;99.0;12567.57
450;2;1.0;1.0;68;1;0;480000;99.0;7058.82
900;2;1.0;1.0;71;1;0;1370000;99.0;19295.77
1692;3;1.0;2.0;94;1;0;1584000;99.0;16851.06
1684;3;3.0;1.0;212;1;180;1990000;99.0;9386.79
2400;3;2.0;1.0;210;1;0;2740000;99.0;13047.62
590;3;1.0;1.0;90;1;0;1050000;99.0;11666.67
900;3;1.0;1.0;85;1;0;1199999;99.0;14117.64
1400;3;1.0;1.0;144;1;0;1199999;99.0;8333.33
1350;3;1.0;2.0;135;1;0;1625000;99.0;12037.04
1000;3;1.0;1.0;83;1;0;900000;99.0;10843.37
1400;3;2.0;1.0;90;1;90;1200000;99.0;13333.33
1400;3;1.0;2.0;110;1;90;1550000;99.0;14090.91
1700;3;1.0;2.0;113;1;0;1400000;99.0;12389.38
600;3;1.0;1.0;84;1;0;980000;99.0;11666.67
1200;3;1.0;2.0;110;1;30;1827000;99.0;16609.09
1200;3;1.0;1.0;100;1;30;1550000;99.0;15500.0
900;3;1.0;1.0;104;1;0;1070000;99.0;10288.46
1100;3;1.0;1.0;83;1;60;970000;99.0;11686.75
900;3;3.0;2.0;124;1;330;1600000;99.0;12903.23
1260;3;2.0;2.0;115;1;0;1650000;99.0;14347.83
1050;3;1.0;1.0;91;1;0;1150000;99.0;12637.36
710;3;3.0;1.0;90;1;0;950000;99.0;10555.56
780;3;1.0;1.0;105;1;0;1050000;99.0;10000.0
1630;3;3.0;2.0;148;1;210;2700000;99.0;18243.24
1400;3;1.0;1.0;98;1;30;1250000;99.0;12755.1
1300;3;1.0;1.0;120;1;0;980000;99.0;8166.67
1150;3;1.0;1.0;96;1;30;870000;99.0;9062.5
500;3;1.0;1.0;105;1;0;1280000;99.0;12190.48
1400;3;1.0;2.0;100;1;0;1530000;99.0;15300.0
200;3;1.0;2.0;109;1;0;798000;99.0;7321.1
1300;3;1.0;2.0;120;1;0;1650000;99.0;13750.0
1500;3;1.0;1.0;110;1;0;1550000;99.0;14090.91
880;3;3.0;1.0;71;1;0;1060000;99.0;14929.58
1133;3;1.0;1.0;122;1;0;1820000;99.0;14918.03
1050;3;1.0;1.0;105;1;30;920000;99.0;8761.9
700;3;0.0;0.0;89;1;0;850000;99.0;9550.56
290;3;1.0;1.0;110;1;0;640000;99.0;5818.18
1540;3;1.0;1.0;200;1;840;2990000;99.0;14950.0
500;1;0.0;0.0;22;2;0;265000;1.53;12045.45
410;1;1.0;1.0;37;2;0;545000;99.0;14729.73
650;1;0.0;1.0;40;2;150;700000;1.42;17500.0
1150;1;1.0;1.0;50;2;30;740000;1.6;14800.0
590;1;1.0;1.0;37;2;60;560000;2.05;15135.14
484;1;1.0;1.0;33;2;90;450000;1.51;13636.36
650;1;1.0;1.0;60;2;480;650000;88.01;10833.33
390;1;1.0;1.0;31;2;210;515000;1.62;16612.9
500;1;1.0;1.0;45;2;60;600000;1.48;13333.33
390;1;1.0;1.0;40;2;0;400000;2.13;10000.0
380;1;1.0;1.0;40;2;60;445000;1.54;11125.0
413;1;1.0;1.0;32;2;90;400000;1.54;12500.0
390;1;1.0;1.0;31;2;90;430000;1.5;13870.97
520;1;1.0;1.0;25;2;0;270000;1.53;10800.0
420;1;1.0;1.0;25;2;0;355000;88.01;14200.0
550;1;0.0;0.0;48;2;90;570000;1.82;11875.0
540;1;0.0;0.0;35;2;0;470000;1.56;13428.57
1500;1;1.0;1.0;35;2;0;895000;1.52;25571.43
362;1;1.0;1.0;26;2;0;449000;1.51;17269.23
370;1;1.0;1.0;30;2;0;360000;88.01;12000.0
650;1;1.0;1.0;55;2;0;599000;1.57;10890.91
400;1;1.0;1.0;45;2;0;550000;1.63;12222.22
550;1;1.0;1.0;48;2;690;630000;1.89;13125.0
515;1;1.0;1.0;36;2;510;300000;1.57;8333.33
520;1;1.0;1.0;38;2;30;400000;1.5;10526.32
500;1;1.0;1.0;55;2;90;585000;1.54;10636.36
650;1;0.0;0.0;48;2;0;520000;1.51;10833.33
560;1;1.0;1.0;39;2;0;450000;1.92;11538.46
350;1;1.0;1.0;40;2;0;390000;88.01;9750.0
520;1;1.0;1.0;56;2;90;635000;88.01;11339.29
650;1;1.0;1.0;60;2;510;580000;88.01;9666.67
660;1;1.0;1.0;48;2;60;450000;88.01;9375.0
600;1;1.0;1.0;60;2;450;480000;88.01;8000.0
450;1;1.0;1.0;23;2;0;239000;1.49;10391.3
480;1;1.0;1.0;45;2;60;515000;1.61;11444.44
650;1;1.0;1.0;30;2;330;520000;2.07;17333.33
535;1;1.0;1.0;60;2;690;725000;1.92;12083.33
1000;2;1.0;1.0;90;2;360;862000;1.72;9577.78
1000;2;1.0;1.0;120;2;240;840000;1.52;7000.0
500;2;2.0;1.0;75;2;0;1680000;1.58;22400.0
1000;2;1.0;1.0;91;2;90;860000;1.61;9450.55
750;2;1.0;1.0;77;2;0;900000;1.76;11688.31
800;2;0.0;1.0;80;2;0;820000;1.54;10250.0
700;2;1.0;1.0;75;2;480;800000;1.52;10666.67
1500;2;1.0;1.0;150;2;780;1300000;1.54;8666.67
684;2;1.0;1.0;70;2;0;950000;1.88;13571.43
699;2;1.0;1.0;73;2;0;1050000;1.5;14383.56
821;2;1.0;1.0;75;2;0;1190000;1.52;15866.67
650;2;1.0;2.0;80;2;0;820000;1.49;10250.0
715;2;1.0;1.0;110;2;30;735000;1.48;6681.82
500;2;1.0;1.0;70;2;0;715000;1.71;10214.29
950;2;1.0;1.0;98;2;0;1980000;1.57;20204.08
700;2;1.0;1.0;80;2;0;710000;1.56;8875.0
945;2;1.0;1.0;71;2;90;950000;1.63;13380.28
650;2;1.0;2.0;80;2;0;900000;1.49;11250.0
740;2;1.0;1.0;75;2;150;776000;1.54;10346.67
1000;2;1.0;1.0;100;2;750;940000;1.52;9400.0
500;2;1.0;1.0;48;2;300;510000;1.86;10625.0
600;2;1.0;1.0;80;2;30;834000;1.7;10425.0
850;2;2.0;1.0;88;2;0;820000;1.88;9318.18
693;2;1.0;1.0;65;2;0;580000;1.57;8923.08
850;2;1.0;1.0;79;2;0;1099000;1.57;13911.39
630;2;1.0;1.0;84;2;30;780000;99.0;9285.71
700;2;2.0;1.0;70;2;0;790000;1.64;11285.71
735;2;1.0;1.0;75;2;0;1150000;99.0;15333.33
1100;2;1.0;1.0;100;2;0;1582000;1.52;15820.0
1275;2;1.0;1.0;60;2;60;1200000;1.62;20000.0
800;2;2.0;1.0;65;2;0;1250000;1.66;19230.77
650;2;1.0;1.0;70;2;0;735000;88.01;10500.0
2200;2;2.0;1.0;209;2;720;1500000;38.19;7177.03
545;2;1.0;1.0;80;2;480;810000;88.01;10125.0
605;2;1.0;1.0;65;2;0;735000;88.01;11307.69
820;2;1.0;1.0;83;2;240;990000;1.54;11927.71
2000;2;2.0;1.0;72;2;0;740000;1.99;10277.78
1356;2;1.0;1.0;67;2;0;850000;1.5;12686.57
980;3;0.0;0.0;120;2;0;960000;1.52;8000.0
850;3;1.0;1.0;190;2;90;1450000;1.72;7631.58
1980;3;2.0;1.0;210;2;60;1680000;1.57;8000.0
850;3;1.0;1.0;110;2;630;990000;88.01;9000.0
837;3;1.0;1.0;105;2;150;1600000;1.54;15238.1
1939;3;1.0;1.0;230;2;0;3990000;1.53;17347.83
1000;3;1.0;1.0;100;2;540;985000;2.02;9850.0
1400;3;1.0;1.0;127;2;150;1350000;1.59;10629.92
1050;3;2.0;1.0;100;2;90;875000;99.0;8750.0
900;3;1.0;1.0;101;2;60;1100000;1.55;10891.09
2600;3;2.0;2.0;200;2;30;2390000;1.5;11950.0
1025;3;1.0;1.0;98;2;30;1099999;88.01;11224.48
1300;3;1.0;1.0;133;2;120;1250000;1.54;9398.5
3600;3;1.0;2.0;300;2;0;5280000;1.87;17600.0
2100;3;1.0;1.0;188;2;0;3900000;1.53;20744.68
2887;3;2.0;1.0;170;2;90;1950000;1.64;11470.59
860;3;1.0;1.0;100;2;0;1050000;1.66;10500.0
959;3;1.0;1.0;92;2;60;1195000;1.74;12989.13
1350;3;1.0;1.0;90;2;30;1100000;99.0;12222.22
1300;3;1.0;2.0;100;2;0;1080000;1.51;10800.0
3500;3;1.0;1.0;344;2;0;11000000;1.76;31976.74
1380;3;1.0;1.0;148;2;150;950000;1.59;6418.92
1200;3;1.0;1.0;90;2;30;1100000;88.01;12222.22
1450;3;1.0;1.0;122;2;480;1400000;1.54;11475.41
1300;3;3.0;1.0;173;2;30;1980000;99.0;11445.09
840;3;1.0;1.0;96;2;0;730000;1.54;7604.17
1180;3;1.0;1.0;120;2;0;850000;1.53;7083.33
1640;3;1.0;1.0;195;2;0;1600000;2.1;8205.13
1500;3;1.0;1.0;152;2;150;1300000;1.62;8552.63
890;3;1.0;1.0;124;2;30;920000;1.58;7419.35
927;3;1.0;1.0;100;2;0;890000;1.52;8900.0
1415;3;1.0;1.0;150;2;150;11500000;1.51;76666.67
800;3;1.0;1.0;75;2;0;950000;1.63;12666.67
1210;3;1.0;1.0;118;2;720;1430000;1.53;12118.64
1888;3;1.0;1.0;167;2;0;1850000;1.59;11077.84
1900;3;1.0;1.0;200;2;240;1400000;1.5;7000.0
1800;3;2.0;2.0;274;2;0;2450000;1.49;8941.61
798;3;0.0;0.0;110;2;0;950000;1.76;8636.36
2000;3;1.0;2.0;290;2;0;3000000;1.54;10344.83
1200;3;1.0;1.0;108;2;60;795000;1.59;7361.11
700;3;3.0;1.0;180;2;60;2300000;1.51;12777.78
1000;3;1.0;1.0;98;2;0;1490000;1.67;15204.08
805;3;1.0;2.0;83;2;0;750000;1.53;9036.14
1000;3;1.0;4.0;175;2;0;1890000;1.61;10800.0
909;3;1.0;1.0;110;2;0;1000000;99.0;9090.91
1800;3;1.0;1.0;190;2;0;2200000;1.68;11578.95
1400;3;1.0;1.0;133;2;0;1350000;1.55;10150.38
400;1;1.0;1.0;40;3;0;750000;99.0;18750.0
350;1;1.0;1.0;37;3;0;590000;99.0;15945.95
420;1;1.0;1.0;35;3;0;750000;99.0;21428.57
290;1;1.0;1.0;36;3;720;840000;99.0;23333.33
750;1;1.0;1.0;35;3;30;470000;99.0;13428.57
770;1;1.0;1.0;50;3;0;1080000;99.0;21600.0
785;1;1.0;1.0;50;3;870;950000;99.0;19000.0
550;1;1.0;1.0;54;3;0;810000;99.0;15000.0
890;1;1.0;1.0;62;3;0;895000;99.0;14435.48
730;1;1.0;1.0;58;3;0;850000;99.0;14655.17
700;1;1.0;1.0;55;3;0;620000;99.0;11272.73
655;1;1.0;1.0;73;3;0;1450000;99.0;19863.01
665;1;1.0;1.0;54;3;240;700000;99.0;12962.96
500;1;1.0;1.0;37;3;0;490000;99.0;13243.24
700;1;1.0;1.0;60;3;0;830000;99.0;13833.33
800;1;1.0;1.0;40;3;0;620000;99.0;15500.0
700;1;1.0;1.0;58;3;60;850000;99.0;14655.17
600;1;1.0;1.0;40;3;0;500000;99.0;12500.0
230;1;1.0;1.0;37;3;0;510000;99.0;13783.78
815;2;1.0;1.0;80;3;0;1280000;99.0;16000.0
1184;2;2.0;2.0;142;3;750;1950000;99.0;13732.39
800;2;1.0;1.0;58;3;0;1365000;99.0;23534.48
1200;2;1.0;1.0;85;3;0;1800000;99.0;21176.47
1000;2;1.0;1.0;80;3;0;1600000;99.0;20000.0
890;2;1.0;1.0;95;3;60;1590000;99.0;16736.84
815;2;1.0;1.0;95;3;0;1800000;99.0;18947.37
1100;2;1.0;1.0;80;3;0;1700000;99.0;21250.0
975;2;1.0;1.0;80;3;0;1399000;99.0;17487.5
1100;2;1.0;1.0;76;3;0;1750000;99.0;23026.32
1000;2;2.0;1.0;84;3;0;1380000;99.0;16428.57
1025;2;1.0;1.0;76;3;0;1790000;99.0;23552.63
1133;2;1.0;1.0;87;3;0;1400000;99.0;16091.95
920;2;1.0;1.0;70;3;450;980000;99.0;14000.0
1250;2;1.0;1.0;90;3;360;1789000;99.0;19877.78
987;2;0.0;1.0;78;3;60;1250000;99.0;16025.64
987;2;1.0;1.0;80;3;270;1388000;99.0;17350.0
260;2;2.0;1.0;90;3;240;790000;99.0;8777.78
1200;2;1.0;1.0;65;3;60;1250000;99.0;19230.77
700;2;1.0;1.0;70;3;0;1330000;99.0;19000.0
650;2;1.0;1.0;59;3;0;850000;99.0;14406.78
980;2;1.0;1.0;75;3;240;1325000;99.0;17666.67
1183;2;1.0;2.0;73;3;0;1600000;99.0;21917.81
550;2;0.0;1.0;72;3;0;970000;99.0;13472.22
800;2;1.0;1.0;89;3;210;980000;99.0;11011.24
850;3;1.0;2.0;105;3;60;1890000;99.0;18000.0
1300;3;1.0;2.0;136;3;360;2100000;99.0;15441.18
1329;3;1.0;2.0;126;3;0;1900000;99.0;15079.37
1300;3;1.0;2.0;100;3;0;1650000;99.0;16500.0
2813;3;1.0;2.0;260;3;120;5100000;99.0;19615.38
1100;3;1.0;1.0;140;3;330;2000000;99.0;14285.71
1380;3;1.0;2.0;135;3;0;2350000;99.0;17407.41
2500;3;2.0;2.0;160;3;0;2450000;99.0;15312.5
1400;3;2.0;1.0;92;3;0;1650000;99.0;17934.78
1600;3;1.0;1.0;138;3;0;1880000;99.0;13623.19
1160;3;1.0;1.0;103;3;0;1500000;99.0;14563.11
1450;3;1.0;2.0;140;3;0;2200000;99.0;15714.29
680;3;1.0;2.0;110;3;0;2200000;99.0;20000.0
740;3;1.0;1.0;97;3;240;1250000;99.0;12886.6
1500;3;3.0;3.0;123;3;0;2500000;99.0;20325.2
1300;3;1.0;2.0;113;3;0;1990000;99.0;17610.62
680;3;1.0;2.0;110;3;30;2200000;99.0;20000.0
1350;3;1.0;1.0;94;3;30;1650000;99.0;17553.19
1600;3;1.0;1.0;120;3;0;1750000;99.0;14583.33
900;3;1.0;1.0;140;3;330;1970000;99.0;14071.43
1800;3;3.0;2.0;144;3;150;2650000;99.0;18402.78
1283;3;1.0;2.0;123;3;0;2100000;99.0;17073.17
1180;3;2.0;1.0;87;3;540;1480000;99.0;17011.49
800;1;1.0;1.0;65;4;0;430000;99.0;6615.38
450;1;1.0;1.0;54;4;0;290000;99.0;5370.37
350;1;1.0;1.0;55;4;0;350000;99.0;6363.64
330;1;1.0;1.0;55;4;180;355000;99.0;6454.55
440;1;0.0;1.0;50;4;0;340000;99.0;6800.0
570;1;0.0;1.0;52;4;0;370000;99.0;7115.38
230;1;0.0;0.0;35;4;0;285000;99.0;8142.86
370;1;0.0;1.0;61;4;0;380000;99.0;6229.51
500;1;1.0;1.0;38;4;0;249999;99.0;6578.92
580;1;1.0;1.0;55;4;0;300000;99.0;5454.55
620;1;0.0;1.0;60;4;240;320000;99.0;5333.33
345;1;1.0;1.0;49;4;0;294000;99.0;6000.0
470;1;1.0;1.0;53;4;0;300000;99.0;5660.38
600;1;1.0;1.0;52;4;0;370000;99.0;7115.38
500;1;1.0;1.0;53;4;0;454500;99.0;8575.47
570;1;1.0;1.0;52;4;0;370000;99.0;7115.38
350;1;0.0;0.0;48;4;0;300000;99.0;6250.0
550;1;1.0;1.0;60;4;60;159000;99.0;2650.0
468;1;1.0;1.0;50;4;0;435000;99.0;8700.0
450;2;1.0;1.0;71;4;60;370000;99.0;5211.27
400;2;1.0;1.0;61;4;0;370000;99.0;6065.57
7071;2;1.0;1.0;80;4;0;570000;99.0;7125.0
670;2;1.0;1.0;76;4;0;720000;99.0;9473.68
706;2;1.0;1.0;70;4;0;550000;99.0;7857.14
661;2;1.0;1.0;75;4;0;450000;99.0;6000.0
390;2;1.0;1.0;75;4;0;295000;99.0;3933.33
650;2;1.0;1.0;86;4;120;650000;99.0;7558.14
817;2;1.0;1.0;77;4;0;390000;99.0;5064.94
580;2;1.0;1.0;67;4;60;598000;99.0;8925.37
700;2;1.0;1.0;80;4;0;734999;99.0;9187.49
710;2;1.0;1.0;76;4;0;600000;99.0;7894.74
200;2;1.0;1.0;100;4;30;398000;99.0;3980.0
669;2;1.0;1.0;70;4;0;550000;99.0;7857.14
473;2;1.0;1.0;64;4;0;570000;99.0;8906.25
640;2;1.0;1.0;70;4;0;435000;99.0;6214.29
600;2;1.0;1.0;75;4;0;400000;99.0;5333.33
307;2;1.0;1.0;39;4;0;285000;99.0;7307.69
320;2;1.0;1.0;65;4;0;460000;99.0;7076.92
690;2;1.0;1.0;77;4;0;499000;99.0;6480.52
600;2;1.0;1.0;80;4;30;429000;99.0;5362.5
700;2;1.0;1.0;90;4;0;625000;99.0;6944.44
560;2;1.0;1.0;66;4;0;380000;99.0;5757.58
690;2;1.0;1.0;74;4;0;499999;99.0;6756.74
250;2;1.0;0.0;66;4;870;250000;99.0;3787.88
1206;2;1.0;1.0;77;4;0;450000;99.0;5844.16
250;2;0.0;0.0;60;4;0;305000;99.0;5083.33
500;2;2.0;1.0;70;4;210;599000;99.0;8557.14
850;2;1.0;1.0;100;4;60;660000;99.0;6600.0
920;2;1.0;2.0;90;4;0;730000;99.0;8111.11
990;3;1.0;1.0;120;4;0;630000;99.0;5250.0
780;3;1.0;2.0;120;4;0;580000;99.0;4833.33
1065;3;1.0;1.0;125;4;0;490000;99.0;3920.0
500;3;1.0;1.0;93;4;0;450000;99.0;4838.71
930;3;1.0;2.0;150;4;0;894000;99.0;5960.0
560;3;1.0;1.0;85;4;0;535000;99.0;6294.12
1000;3;1.0;2.0;105;4;0;765000;99.0;7285.71
950;3;1.0;1.0;108;4;150;690000;99.0;6388.89
1150;3;1.0;1.0;115;4;150;770000;99.0;6695.65
890;3;1.0;2.0;130;4;0;560000;99.0;4307.69
792;3;1.0;1.0;94;4;0;630000;99.0;6702.13
720;3;1.0;3.0;120;4;0;570000;99.0;4750.0
907;3;1.0;2.0;170;4;0;800000;99.0;4705.88
200;3;1.0;1.0;102;4;0;450000;99.0;4411.76
400;3;1.0;1.0;95;4;0;580000;99.0;6105.26
900;3;1.0;2.0;105;4;60;885500;99.0;8433.33
420;3;1.0;3.0;85;4;30;340000;99.0;4000.0
1113;3;1.0;2.0;120;4;0;749000;99.0;6241.67
890;3;1.0;2.0;130;4;0;700000;99.0;5384.62
195;3;1.0;1.0;120;4;60;620000;99.0;5166.67
780;3;1.0;1.0;89;4;30;530000;99.0;5955.06
750;3;1.0;1.0;130;4;30;890000;99.0;6846.15
400;3;1.0;1.0;114;4;0;650000;99.0;5701.75
560;3;1.0;2.0;93;4;0;370000;99.0;3978.49
200;3;1.0;1.0;110;4;330;580000;99.0;5272.73
630;3;1.0;2.0;102;4;0;650000;99.0;6372.55
834;3;1.0;2.0;70;4;0;900000;99.0;12857.14
510;3;1.0;1.0;80;4;0;380000;99.0;4750.0
1294;1;1.0;1.0;43;5;30;890000;1.42;20697.67
380;1;1.0;1.0;48;5;0;770000;1.35;16041.67
425;1;1.0;1.0;45;5;0;1600000;1.47;35555.56
1700;1;1.0;1.0;45;5;0;1000000;99.0;22222.22
550;1;1.0;1.0;19;5;0;630000;1.36;33157.89
500;1;1.0;1.0;50;5;0;649000;1.38;12980.0
468;1;1.0;1.0;75;5;540;1390000;99.0;18533.33
1613;1;1.0;1.0;39;5;0;1150000;1.29;29487.18
600;1;1.0;1.0;30;5;0;499000;1.29;16633.33
1518;1;1.0;1.0;65;5;0;1180000;1.4;18153.85
700;1;1.0;1.0;48;5;0;750000;99.0;15625.0
2200;1;1.0;1.0;53;5;0;950000;1.33;17924.53
700;1;1.0;1.0;46;5;0;620000;1.28;13478.26
1750;1;1.0;1.0;50;5;0;900000;1.28;18000.0
650;1;1.0;1.0;50;5;0;779000;1.41;15580.0
1045;1;1.0;2.0;108;5;30;1700000;90.82;15740.74
550;1;1.0;1.0;38;5;0;659000;99.0;17342.11
400;1;1.0;1.0;26;5;0;530000;1.47;20384.62
550;1;1.0;2.0;36;5;30;649000;1.36;18027.78
1800;1;1.0;1.0;50;5;0;1350000;1.42;27000.0
400;1;1.0;1.0;23;5;0;530000;1.47;23043.48
492;1;1.0;1.0;38;5;300;750000;1.3;19736.84
490;1;1.0;1.0;28;5;0;700000;90.82;25000.0
390;1;1.0;1.0;37;5;0;910000;90.82;24594.59
715;1;1.0;1.0;56;5;120;1050000;1.52;18750.0
900;1;1.0;1.0;40;5;0;890000;1.49;22250.0
600;2;1.0;1.0;85;5;0;1200000;1.41;14117.65
3500;2;2.0;1.0;92;5;300;3500000;1.54;38043.48
700;2;1.0;1.0;67;5;0;1550000;1.48;23134.33
800;2;2.0;1.0;80;5;30;1600000;1.29;20000.0
1100;2;1.0;1.0;70;5;0;1700000;1.5;24285.71
1000;2;1.0;1.0;81;5;0;1300001;1.41;16049.4
1885;2;1.0;2.0;147;5;150;3950000;40.79;26870.75
452;2;0.0;1.0;90;5;60;1380000;1.36;15333.33
1200;2;1.0;1.0;76;5;0;1700000;1.48;22368.42
700;2;1.0;1.0;70;5;0;980000;1.28;14000.0
800;2;0.0;1.0;75;5;0;1150000;1.4;15333.33
1700;2;1.0;1.0;87;5;90;2420000;90.82;27816.09
780;2;2.0;1.0;60;5;150;699000;1.28;11650.0
814;2;1.0;1.0;82;5;0;1500000;1.57;18292.68
700;2;2.0;1.0;78;5;0;1100000;1.3;14102.56
430;2;2.0;1.0;76;5;120;840000;90.82;11052.63
1200;2;1.0;2.0;71;5;120;1950000;1.53;27464.79
850;2;1.0;2.0;83;5;240;1900000;1.51;22891.57
924;2;2.0;1.0;85;5;0;1750000;1.53;20588.24
900;2;2.0;1.0;70;5;0;1350000;1.41;19285.71
1000;2;0.0;1.0;78;5;90;1050000;99.0;13461.54
3560;2;2.0;1.0;74;5;0;3000000;1.57;40540.54
1100;2;1.0;1.0;82;5;0;2100000;1.41;25609.76
600;2;0.0;1.0;65;5;0;950000;1.41;14615.38
1500;2;0.0;1.0;61;5;0;950000;1.38;15573.77
1200;2;2.0;1.0;88;5;270;1520000;1.32;17272.73
700;2;1.0;1.0;65;5;180;1190000;99.0;18307.69
3900;2;2.0;1.0;85;5;360;4000000;1.52;47058.82
900;3;1.0;1.0;115;5;0;1000000;0.95;8695.65
1700;3;1.0;1.0;110;5;60;1780000;1.52;16181.82
990;3;1.0;1.0;110;5;90;1580000;99.0;14363.64
490;3;1.0;1.0;126;5;0;1650000;1.39;13095.24
970;3;1.0;1.0;93;5;0;1290000;1.33;13870.97
600;3;1.0;1.0;92;5;0;1650000;1.4;17934.78
1500;3;2.0;1.0;124;5;0;2500000;1.57;20161.29
2309;3;1.0;2.0;190;5;0;7000000;1.41;36842.11
1000;3;1.0;1.0;115;5;150;1490000;2.39;12956.52
800;3;1.0;1.0;71;5;0;1150000;1.35;16197.18
2500;3;1.0;2.0;250;5;0;4500000;1.41;18000.0
2800;3;1.0;1.0;160;5;390;3000000;1.45;18750.0
1720;3;1.0;1.0;100;5;30;1900000;90.82;19000.0
950;3;1.0;2.0;110;5;150;1999000;15.49;18172.73
3200;3;3.0;3.0;300;5;630;13500000;1.43;45000.0
120;3;1.0;1.0;125;5;120;1789000;1.42;14312.0
1050;3;1.0;1.0;134;5;240;950000;1.36;7089.55
2700;3;1.0;2.0;134;5;30;2500000;90.82;18656.72
2800;3;2.0;1.0;186;5;0;5650000;1.58;30376.34
3200;3;1.0;2.0;107;5;240;3950000;1.39;36915.89
1517;3;2.0;1.0;110;5;240;1890000;1.4;17181.82
2270;3;1.0;1.0;107;5;0;2800000;90.82;26168.22
2500;3;1.0;2.0;153;5;0;2850000;1.54;18627.45
1300;3;1.0;1.0;95;5;0;1690000;1.38;17789.47
1200;3;1.0;1.0;105;5;60;900000;1.38;8571.43
5461;3;3.0;4.0;475;5;0;8900000;99.0;18736.84
4500;3;1.0;1.0;200;5;0;6500000;1.18;32500.0
2000;3;1.0;2.0;123;5;30;1850000;1.37;15040.65
2000;3;1.0;1.0;127;5;30;2900000;1.55;22834.65
1200;3;3.0;1.0;100;5;0;1350000;90.82;13500.0
1200;3;1.0;1.0;127;5;0;1400000;90.82;11023.62
1000;3;1.0;1.0;90;5;0;1480000;1.4;16444.44
1300;3;1.0;1.0;120;5;780;2500000;1.52;20833.33
2600;3;1.0;2.0;150;5;0;3700000;1.48;24666.67
2013;3;1.0;1.0;130;5;0;2350000;1.42;18076.92
1650;3;1.0;2.0;138;5;0;2700000;1.47;19565.22
1500;3;2.0;1.0;126;5;0;2780000;1.24;22063.49
1760;3;1.0;1.0;170;5;0;2500000;1.32;14705.88
1700;3;1.0;2.0;113;5;120;3200000;1.43;28318.58
600;1;1.0;1.0;46;6;0;950000;1.25;20652.17
650;1;1.0;1.0;42;6;0;1300000;1.34;30952.38
1100;1;1.0;1.0;60;6;0;895000;1.37;14916.67
450;1;1.0;1.0;30;6;0;690000;1.26;23000.0
750;1;1.0;1.0;60;6;0;1049000;1.27;17483.33
1570;1;1.0;1.0;35;6;0;1350000;1.26;38571.43
510;1;1.0;1.0;50;6;0;765000;1.46;15300.0
620;1;1.0;1.0;51;6;0;950000;1.23;18627.45
520;1;1.0;1.0;53;6;0;850000;1.23;16037.74
350;1;1.0;1.0;38;6;0;500000;1.28;13157.89
630;1;1.0;1.0;50;6;0;740000;1.46;14800.0
800;1;1.0;1.0;25;6;0;275000;1.44;11000.0
400;1;0.0;0.0;27;6;510;445000;1.28;16481.48
552;1;1.0;1.0;27;6;30;550000;90.91;20370.37
350;1;1.0;1.0;20;6;0;580000;1.28;29000.0
440;1;1.0;1.0;30;6;0;765000;1.25;25500.0
700;1;1.0;1.0;60;6;0;1260000;1.26;21000.0
400;1;1.0;1.0;53;6;240;980000;1.25;18490.57
570;1;1.0;1.0;55;6;0;800000;1.32;14545.45
950;1;0.0;0.0;75;6;0;1550000;99.0;20666.67
1680;1;1.0;1.0;44;6;0;1250000;1.34;28409.09
500;1;1.0;1.0;44;6;0;900000;1.23;20454.55
400;1;1.0;1.0;33;6;60;1000000;99.0;30303.03
800;2;1.0;1.0;111;6;120;2300000;99.0;20720.72
600;2;1.0;1.0;55;6;0;1200000;1.35;21818.18
1700;2;1.0;1.0;90;6;0;2300000;1.41;25555.56
750;2;1.0;1.0;77;6;0;1400000;1.35;18181.82
1036;2;2.0;1.0;65;6;60;1200000;99.0;18461.54
1200;2;1.0;1.0;110;6;150;2200000;1.36;20000.0
1100;2;1.0;1.0;90;6;0;1890000;1.26;21000.0
894;2;0.0;1.0;70;6;270;1130000;1.25;16142.86
600;2;1.0;3.0;67;6;60;798000;1.27;11910.45
1370;2;1.0;1.0;70;6;0;1670000;1.46;23857.14
819;2;1.0;3.0;75;6;0;1390000;1.38;18533.33
1800;2;1.0;1.0;91;6;0;2500000;1.25;27472.53
600;2;1.0;1.0;103;6;240;1650000;1.34;16019.42
1200;2;1.0;2.0;111;6;240;2000000;1.49;18018.02
1100;2;2.0;1.0;90;6;330;1980000;40.83;22000.0
860;2;0.0;1.0;68;6;60;1600000;1.25;23529.41
900;2;1.0;1.0;91;6;60;1500000;1.37;16483.52
750;2;0.0;1.0;77;6;240;1400000;1.35;18181.82
1320;2;1.0;1.0;80;6;0;1940000;1.24;24250.0
500;2;1.0;1.0;85;6;0;3500000;1.38;41176.47
1300;2;1.0;1.0;104;6;240;2500000;1.33;24038.46
1070;2;1.0;1.0;72;6;30;920000;1.37;12777.78
900;2;1.0;1.0;134;6;240;2200000;1.23;16417.91
650;2;1.0;1.0;70;6;0;700000;99.0;10000.0
1300;2;1.0;1.0;66;6;330;1365000;1.24;20681.82
1050;2;1.0;1.0;70;6;30;1290000;99.0;18428.57
1100;2;1.0;1.0;68;6;240;950000;1.29;13970.59
1200;2;1.0;1.0;73;6;0;1400000;1.25;19178.08
800;2;1.0;1.0;81;6;0;1650000;90.91;20370.37
660;2;1.0;1.0;85;6;0;1300000;99.0;15294.12
4400;3;3.0;4.0;330;6;60;8250000;99.0;25000.0
1659;3;3.0;1.0;110;6;0;2350000;1.27;21363.64
500;3;2.0;1.0;90;6;0;1350000;99.0;15000.0
1700;3;1.0;1.0;123;6;0;1990000;1.24;16178.86
1200;3;1.0;1.0;120;6;60;1700000;99.0;14166.67
2800;3;2.0;2.0;160;6;30;6800000;99.0;42500.0
1350;3;1.0;1.0;96;6;30;2300000;1.3;23958.33
800;3;1.0;1.0;100;6;30;1700000;1.26;17000.0
750;3;1.0;1.0;100;6;150;1200000;1.37;12000.0
2280;3;1.0;2.0;140;6;0;2500000;99.0;17857.14
2250;3;2.0;2.0;115;6;0;2600000;40.83;22608.7
1288;3;1.0;1.0;100;6;0;2100000;40.83;21000.0
2520;3;1.0;1.0;130;6;0;2250000;1.34;17307.69
1350;3;1.0;1.0;96;6;30;2420000;1.3;25208.33
3080;3;1.0;2.0;156;6;0;3400000;1.4;21794.87
1100;3;1.0;1.0;190;6;0;3300000;90.91;17368.42
1100;3;3.0;4.0;110;6;0;1199000;1.46;10900.0
3200;3;1.0;2.0;145;6;660;5990000;1.36;41310.34
4000;3;1.0;2.0;160;6;0;5900000;1.3;36875.0
1190;3;1.0;1.0;110;6;240;2500000;1.36;22727.27
1400;3;2.0;1.0;110;6;240;2100000;1.35;19090.91
1042;3;1.0;1.0;87;6;240;1200000;1.25;13793.1
1000;3;1.0;1.0;90;6;30;1700000;1.24;18888.89
1300;3;1.0;1.0;90;6;240;2350000;1.36;26111.11
1800;3;1.0;2.0;120;6;0;3000000;1.37;25000.0
1800;3;1.0;1.0;110;6;0;1980000;99.0;18000.0
2050;3;1.0;2.0;150;6;30;4750000;90.91;31666.67
900;3;1.0;2.0;135;6;360;2650000;1.39;19629.63
1550;3;1.0;1.0;110;6;0;1790000;1.36;16272.73
1124;3;1.0;1.0;145;6;240;2490000;1.26;17172.41
1200;3;1.0;1.0;88;6;240;1550000;1.34;17613.64
2600;3;1.0;1.0;115;6;300;2400000;1.24;20869.57
2300;3;1.0;2.0;100;6;510;3200000;90.91;32000.0
2000;3;1.0;1.0;150;6;240;4200000;1.26;28000.0
1270;3;1.0;2.0;107;6;0;1850000;99.0;17289.72
1500;3;1.0;1.0;130;6;240;2300000;1.35;17692.31
1110;3;2.0;1.0;85;6;240;1620000;1.34;19058.82
951;3;1.0;1.0;100;6;0;1800000;1.37;18000.0
1500;3;1.0;2.0;120;6;0;2900000;90.91;24166.67
1127;3;1.0;1.0;100;6;0;1950000;1.25;19500.0
598;1;1.0;1.0;56;7;90;450000;99.0;8035.71
681;1;1.0;1.0;48;7;60;435000;99.0;9062.5
395;1;1.0;1.0;52;7;0;369000;99.0;7096.15
330;1;1.0;1.0;38;7;60;389999;99.0;10263.13
120;1;1.0;1.0;45;7;90;290000;99.0;6444.44
264;1;1.0;1.0;35;7;60;380000;99.0;10857.14
520;1;1.0;1.0;60;7;0;419000;99.0;6983.33
806;1;1.0;1.0;63;7;60;290000;99.0;4603.17
500;1;1.0;1.0;46;7;60;365000;99.0;7934.78
489;1;1.0;1.0;44;7;0;400000;99.0;9090.91
620;1;1.0;1.0;61;7;0;380000;99.0;6229.51
520;1;1.0;1.0;50;7;0;329000;99.0;6580.0
600;1;1.0;1.0;88;7;450;445000;99.0;5056.82
650;1;1.0;1.0;60;7;0;460000;99.0;7666.67
655;1;1.0;1.0;50;7;0;400000;99.0;8000.0
360;1;1.0;1.0;30;7;0;370000;99.0;12333.33
266;1;1.0;1.0;57;7;60;340000;99.0;5964.91
700;1;1.0;1.0;45;7;0;340000;99.0;7555.56
600;1;1.0;1.0;50;7;270;360000;99.0;7200.0
450;1;1.0;1.0;40;7;0;339000;99.0;8475.0
120;1;1.0;1.0;50;7;0;300000;99.0;6000.0
500;1;0.0;0.0;54;7;30;365000;99.0;6759.26
380;1;1.0;1.0;58;7;0;394999;99.0;6810.33
495;1;1.0;1.0;89;7;0;494999;99.0;5561.79
420;1;1.0;1.0;50;7;0;340000;99.0;6800.0
500;1;1.0;1.0;38;7;0;249999;99.0;6578.92
300;1;1.0;1.0;41;7;0;320000;99.0;7804.88
430;1;1.0;1.0;30;7;0;220000;99.0;7333.33
715;1;0.0;1.0;64;7;0;370000;99.0;5781.25
480;1;1.0;1.0;48;7;0;340000;99.0;7083.33
760;2;1.0;1.0;80;7;30;445000;99.0;5562.5
645;2;1.0;1.0;74;7;0;540000;99.0;7297.3
190;2;1.0;1.0;63;7;0;400000;99.0;6349.21
800;2;1.0;1.0;72;7;210;595000;99.0;8263.89
750;2;1.0;1.0;63;7;0;670000;99.0;10634.92
600;2;1.0;1.0;76;7;570;390000;99.0;5131.58
770;2;2.0;1.0;82;7;0;515000;99.0;6280.49
350;2;1.0;1.0;77;7;0;480000;99.0;6233.77
300;2;1.0;1.0;56;7;0;320000;99.0;5714.29
620;2;2.0;1.0;74;7;630;446000;99.0;6027.03
600;2;1.0;1.0;75;7;0;539000;99.0;7186.67
785;2;1.0;1.0;85;7;90;550000;99.0;6470.59
850;2;1.0;1.0;75;7;0;455000;99.0;6066.67
540;2;1.0;1.0;78;7;0;490000;99.0;6282.05
744;2;1.0;1.0;84;7;0;600000;99.0;7142.86
270;2;1.0;1.0;68;7;0;400000;99.0;5882.35
900;2;1.0;1.0;70;7;0;330000;99.0;4714.29
300;2;1.0;1.0;70;7;0;319000;99.0;4557.14
720;2;2.0;1.0;64;7;0;479000;99.0;7484.38
813;2;1.0;1.0;71;7;0;530000;99.0;7464.79
885;2;1.0;1.0;78;7;0;580000;99.0;7435.9
840;2;1.0;1.0;76;7;0;780000;99.0;10263.16
480;2;1.0;1.0;80;7;0;630000;99.0;7875.0
720;2;1.0;0.0;75;7;0;440000;99.0;5866.67
475;2;1.0;1.0;84;7;0;630000;99.0;7500.0
1100;2;1.0;1.0;98;7;0;730000;99.0;7448.98
430;2;1.0;1.0;70;7;60;440000;99.0;6285.71
714;2;1.0;1.0;75;7;60;560000;99.0;7466.67
750;2;1.0;1.0;70;7;0;530000;99.0;7571.43
635;2;1.0;1.0;65;7;0;420000;99.0;6461.54
150;2;2.0;1.0;70;7;0;300000;99.0;4285.71
530;2;1.0;1.0;82;7;0;350000;99.0;4268.29
281;2;1.0;1.0;72;7;0;430000;99.0;5972.22
380;2;1.0;1.0;63;7;0;275000;99.0;4365.08
380;2;1.0;1.0;70;7;0;450000;99.0;6428.57
835;2;1.0;1.0;76;7;0;670000;99.0;8815.79
750;2;1.0;1.0;75;7;0;620000;99.0;8266.67
825;2;1.0;1.0;90;7;0;750000;99.0;8333.33
1200;2;1.0;1.0;70;7;0;700000;99.0;10000.0
500;2;1.0;1.0;65;7;270;440000;99.0;6769.23
621;2;1.0;1.0;90;7;0;530000;99.0;5888.89
712;2;1.0;1.0;75;7;0;630000;99.0;8400.0
810;2;2.0;1.0;95;7;330;490000;99.0;5157.89
600;3;1.0;1.0;80;7;0;650000;99.0;8125.0
1100;3;1.0;1.0;134;7;0;695000;99.0;5186.57
610;3;1.0;1.0;90;7;0;670000;99.0;7444.44
1050;3;1.0;1.0;93;7;0;800000;99.0;8602.15
840;3;1.0;1.0;110;7;690;760000;99.0;6909.09
890;3;1.0;2.0;139;7;0;1100000;99.0;7913.67
1300;3;2.0;2.0;108;7;690;400000;99.0;3703.7
400;3;0.0;1.0;80;7;0;490000;99.0;6125.0
1100;3;1.0;2.0;132;7;0;1300000;99.0;9848.48
300;3;2.0;2.0;90;7;30;380000;99.0;4222.22
835;3;1.0;1.0;100;7;120;660000;99.0;6600.0
550;3;1.0;1.0;96;7;60;530000;99.0;5520.83
1500;3;1.0;2.0;170;7;120;945000;99.0;5558.82
950;3;1.0;1.0;126;7;0;590000;99.0;4682.54
1350;3;1.0;2.0;160;7;0;1150000;99.0;7187.5
190;3;1.0;1.0;80;7;0;510000;99.0;6375.0
630;3;2.0;2.0;80;7;540;370000;99.0;4625.0
600;3;1.0;1.0;99;7;0;780000;99.0;7878.79
780;3;1.0;1.0;120;7;690;780000;99.0;6500.0
1068;3;1.0;1.0;95;7;0;795000;99.0;8368.42
900;3;1.0;1.0;92;7;0;680000;99.0;7391.3
480;3;1.0;3.0;142;7;0;600000;99.0;4225.35
588;3;1.0;1.0;98;7;120;1100000;99.0;11224.49
210;3;1.0;1.0;95;7;60;440000;99.0;4631.58
1370;3;1.0;2.0;130;7;0;1050000;99.0;8076.92
500;3;1.0;1.0;102;7;150;955000;99.0;9362.75
670;3;2.0;1.0;139;7;0;878000;99.0;6316.55
730;3;0.0;1.0;90;7;0;550000;99.0;6111.11
1000;3;1.0;2.0;125;7;870;825000;99.0;6600.0
1050;3;1.0;2.0;95;7;0;899000;99.0;9463.16
1100;3;1.0;2.0;110;7;0;850000;99.0;7727.27
850;3;1.0;2.0;118;7;30;850000;99.0;7203.39
1100;3;1.0;1.0;110;7;0;750000;99.0;6818.18
950;3;1.0;1.0;105;7;0;730000;99.0;6952.38
970;3;1.0;1.0;110;7;0;650000;99.0;5909.09
1336;3;2.0;1.0;120;7;30;850000;99.0;7083.33
900;3;1.0;1.0;90;7;0;860000;99.0;9555.56
880;3;1.0;1.0;100;7;0;800000;99.0;8000.0
870;3;1.0;1.0;100;7;30;580000;99.0;5800.0
400;3;1.0;1.0;92;7;0;480000;99.0;5217.39
686;3;0.0;1.0;105;7;0;490000;99.0;4666.67
450;3;1.0;1.0;72;7;0;435000;99.0;6041.67
1080;3;1.0;1.0;80;7;270;680000;99.0;8500.0
750;3;0.0;1.0;82;7;0;650000;99.0;7926.83
700;3;1.0;1.0;100;7;0;629900;99.0;6299.0
1850;3;1.0;2.0;166;7;330;1600000;99.0;9638.55
800;3;1.0;1.0;107;7;0;540000;99.0;5046.73